 ,PLAYER,TEAM,AGE,GP,W,L,MIN,OFFRTG,DEFRTG,NETRTG,AST%,AST/TO,AST RATIO,OREB%,DREB%,REB%,TO RATIO,EFG%,TS%,USG%,PACE,PIE,POSS
1,Payton Pritchard,BOS,25,42,32,10,20.9,121.0,109.6,11.5,19.0,4.92,27.8,4.6,9.9,7.2,5.7,54.6,56.2,15.4,97.71,9.1,1772
1,Sam Hauser,BOS,26,41,32,9,21.7,118.1,108.9,9.2,5.9,1.90,11.7,3.0,12.6,7.8,6.2,61.8,62.6,13.6,98.77,8.1,1827
3,Derrick White,BOS,29,38,30,8,32.1,122.2,108.3,13.9,20.5,2.97,25.5,2.2,9.2,5.9,8.6,58.9,63.0,19.0,100.92,11.2,2564
3,Jayson Tatum,BOS,25,39,30,9,35.9,120.3,109.4,10.9,19.3,1.70,15.2,2.5,19.1,11.1,9.0,55.2,60.1,29.3,99.32,15.5,2895
3,Jrue Holiday,BOS,33,39,30,9,33.7,119.9,110.7,9.1,18.4,2.42,25.4,4.4,12.6,8.7,10.5,54.6,56.7,17.1,99.46,9.8,2717
3,Kyle Anderson,MIN,30,42,30,12,22.6,107.9,106.0,1.9,25.0,2.83,33.6,3.0,11.8,7.5,11.9,48.0,52.2,14.2,101.79,9.3,2011
3,Mike Conley,MIN,36,41,30,11,29.2,115.9,106.6,9.3,30.1,6.00,39.6,1.4,7.8,4.8,6.6,58.7,61.6,14.6,98.06,11.5,2447
3,Naz Reid,MIN,24,42,30,12,22.6,110.4,105.1,5.2,7.4,0.80,8.3,4.6,15.4,10.2,10.3,61.0,62.9,21.6,100.56,12.3,1994
3,Nickeil Alexander-Walker,MIN,25,42,30,12,22.3,109.3,106.2,3.1,15.1,2.46,26.2,1.9,5.7,3.9,10.6,53.8,54.9,12.9,100.87,6.1,1969
3,Rudy Gobert,MIN,31,41,30,11,32.8,115.5,105.1,10.4,5.3,0.74,9.3,11.5,25.1,18.9,12.6,62.7,64.6,15.8,97.63,13.3,2729
11,Bobby Portis,MIL,28,42,29,13,23.3,120.9,118.0,3.0,5.9,1.10,8.1,6.9,21.6,14.4,7.3,56.0,58.1,20.8,102.49,10.6,2084
11,Brook Lopez,MIL,35,42,29,13,31.4,118.2,114.1,4.1,6.7,1.86,12.0,4.6,11.1,8.0,6.5,56.9,59.5,15.4,104.10,8.3,2870
11,Cason Wallace,OKC,20,42,29,13,21.3,114.9,110.7,4.2,8.5,2.81,19.4,3.3,7.0,5.3,6.9,61.5,63.0,11.9,101.44,6.6,1883
11,Chet Holmgren,OKC,21,42,29,13,30.1,120.1,110.6,9.4,12.6,1.64,15.7,5.1,17.2,11.6,9.6,60.9,64.2,21.1,103.51,12.9,2711
11,Christian Braun,DEN,22,43,29,14,19.1,108.1,111.1,-3.0,11.2,2.03,16.4,3.2,14.0,8.6,8.1,51.5,55.0,16.9,98.99,8.8,1688
11,Damian Lillard,MIL,33,39,29,10,35.2,121.2,115.2,6.0,27.1,2.82,22.9,1.5,9.8,5.9,8.1,51.8,60.8,27.0,104.30,13.7,2984
11,Isaiah Joe,OKC,24,42,29,13,19.3,118.6,108.4,10.2,8.2,2.00,13.5,1.9,10.4,6.3,6.8,61.3,63.1,16.3,103.53,9.4,1762
11,Jaylen Brown,BOS,27,39,29,10,33.5,120.2,109.9,10.3,16.0,1.36,13.4,2.8,11.5,7.4,9.8,55.2,57.9,28.3,101.12,11.4,2753
11,Josh Giddey,OKC,21,41,29,12,25.0,120.4,111.9,8.6,24.1,2.13,25.6,5.7,18.2,12.4,12.0,49.9,52.3,22.6,103.41,11.5,2206
11,Karl-Anthony Towns,MIN,28,41,29,12,32.9,115.3,108.5,6.8,14.3,1.10,13.4,4.9,21.7,13.7,12.2,57.8,63.2,25.8,99.05,14.4,2788
11,Michael Porter Jr.,DEN,25,43,29,14,31.3,122.3,112.9,9.4,5.9,1.39,8.9,4.1,18.7,11.5,6.5,59.1,60.4,19.7,98.00,10.4,2768
11,Reggie Jackson,DEN,33,43,29,14,23.2,114.4,111.1,3.4,25.7,2.77,26.1,1.6,6.9,4.4,9.4,54.2,55.9,21.6,99.54,9.6,2070
11,Shai Gilgeous-Alexander,OKC,25,41,29,12,34.5,122.5,111.5,11.0,28.7,3.13,19.6,2.5,12.8,7.9,6.3,57.7,64.8,31.2,102.98,19.4,3036
24,Aaron Wiggins,OKC,25,39,28,11,12.6,114.9,109.1,5.8,9.6,1.79,17.4,5.1,11.5,8.6,9.7,65.2,67.1,14.4,100.15,9.3,1008
24,Anthony Edwards,MIN,22,39,28,11,34.8,117.0,108.1,8.9,23.3,1.45,16.6,2.1,12.8,7.8,11.4,52.9,58.6,31.4,98.61,14.5,2791
24,Giannis Antetokounmpo,MIL,29,40,28,12,35.2,121.9,114.6,7.3,28.1,1.64,17.9,7.8,23.0,15.7,10.9,61.9,64.9,32.3,103.78,19.1,3041
24,Kentavious Caldwell-Pope,DEN,30,41,28,13,32.4,122.9,112.3,10.6,9.0,2.49,21.0,1.4,5.7,3.7,8.5,55.5,59.5,12.4,98.24,6.1,2720
24,Nikola Jokic,DEN,28,42,28,14,33.5,123.6,112.6,11.0,40.7,3.09,28.8,9.4,26.6,18.3,9.3,61.3,65.3,29.0,98.18,21.1,2885
24,Paul Reed,PHI,24,41,28,13,15.4,119.5,110.6,8.9,10.2,1.50,17.5,11.7,19.1,15.3,11.6,56.7,58.7,15.1,99.03,9.8,1296
24,Peyton Watson,DEN,21,41,28,13,17.5,110.5,110.5,0.0,7.4,1.90,12.3,3.2,10.8,7.2,6.5,53.6,56.3,16.1,100.23,7.8,1479
24,Tobias Harris,PHI,31,40,28,12,34.1,121.4,111.0,10.4,13.0,2.07,16.4,3.0,14.3,8.8,7.9,55.9,60.7,20.0,100.55,11.6,2851
24,Tyrese Maxey,PHI,23,40,28,12,37.6,122.2,110.8,11.4,26.3,4.22,22.0,1.5,8.0,4.8,5.2,52.8,57.9,26.4,99.90,13.1,3129
33,Al Horford,BOS,37,35,27,8,27.1,117.6,107.7,9.9,13.7,3.54,28.9,5.1,18.5,12.1,8.2,62.2,63.2,10.9,99.32,10.5,1964
33,Cameron Payne,MIL,29,39,27,12,15.3,116.9,116.4,0.5,20.1,3.29,28.7,0.5,6.7,3.8,8.7,59.1,62.6,16.2,101.21,8.0,1257
33,Jalen Williams,OKC,22,39,27,12,32.1,119.2,109.5,9.7,18.9,2.40,21.2,2.0,10.1,6.3,8.8,60.0,63.5,21.9,103.44,11.7,2688
33,Luguentz Dort,OKC,24,40,27,13,28.8,120.9,113.9,7.0,5.7,1.46,11.7,4.8,8.6,6.8,8.0,58.2,61.7,15.0,102.79,6.4,2454
33,Malik Beasley,MIL,27,40,27,13,29.3,119.9,114.4,5.5,5.8,2.00,12.5,2.2,10.3,6.5,6.3,66.0,66.4,13.4,104.09,7.4,2550
38,Donte DiVincenzo,NYK,26,43,26,17,22.2,118.1,116.6,1.6,13.8,1.98,17.5,3.2,10.9,7.0,8.9,61.1,62.3,18.7,101.06,9.5,2007
38,Isaiah Hartenstein,NYK,25,43,26,17,25.6,119.2,109.9,9.4,9.5,1.65,23.7,12.7,19.8,16.3,14.4,60.8,63.8,10.1,100.30,9.8,2302
38,Julius Randle,NYK,29,43,26,17,35.6,119.2,113.6,5.6,21.4,1.42,16.6,5.8,19.9,12.8,11.7,51.6,56.6,28.7,99.25,13.4,3172
38,Norman Powell,LAC,30,40,26,14,25.5,118.1,111.3,6.9,5.4,1.08,8.0,0.6,8.2,4.5,7.4,60.7,64.6,18.4,100.56,9.0,2138
38,Patrick Beverley,PHI,35,39,26,13,18.5,112.4,105.6,6.8,19.4,3.13,30.6,3.3,11.8,7.6,9.8,50.0,53.8,13.0,99.50,8.6,1497
38,Russell Westbrook,LAC,35,40,26,14,23.1,114.4,112.5,1.9,29.5,2.15,27.1,6.7,17.7,12.3,12.6,49.2,51.7,22.9,101.42,12.0,1945
44,Dyson Daniels,NOP,20,43,25,18,22.3,115.3,110.8,4.5,15.8,2.90,28.9,4.6,12.1,8.4,10.0,48.9,51.0,12.6,100.43,7.7,1994
44,Georges Niang,CLE,30,40,25,15,22.1,112.8,113.2,-0.4,7.6,1.45,11.7,1.6,14.8,8.3,8.0,55.3,56.6,17.5,99.40,7.3,1833
44,Herbert Jones,NOP,25,40,25,15,28.8,116.9,112.7,4.2,11.1,2.06,19.8,4.0,8.6,6.3,9.6,56.3,60.7,14.8,99.88,7.5,2386
44,Ivica Zubac,LAC,26,38,25,13,27.1,120.4,111.4,9.0,6.6,1.12,10.7,12.9,23.2,18.3,9.6,65.5,66.5,16.7,97.70,12.3,2101
44,Jalen Brunson,NYK,27,41,25,16,35.8,120.3,114.6,5.7,28.9,2.68,21.2,1.7,9.3,5.4,7.9,54.7,59.5,28.0,99.10,14.1,3039
44,Joel Embiid,PHI,29,31,25,6,34.2,121.0,108.8,12.2,31.9,1.59,16.1,7.6,24.2,16.3,10.1,56.3,64.9,38.1,100.95,22.9,2224
44,Jonas Valanciunas,NOP,31,43,25,18,26.5,119.3,115.2,4.2,12.2,1.60,15.8,10.2,26.3,18.4,9.9,60.1,64.1,19.9,98.93,13.6,2348
44,Josh Hart,NYK,28,42,25,17,28.1,116.2,108.8,7.5,12.7,2.22,25.0,4.3,18.1,11.2,11.3,51.3,53.5,11.9,98.42,8.7,2419
44,Max Strus,CLE,27,40,25,15,33.2,114.7,106.9,7.8,15.3,2.32,21.8,2.2,11.9,7.1,9.4,51.1,53.1,17.4,99.98,7.8,2761
44,Pat Connaughton,MIL,31,36,25,11,21.7,118.8,117.7,1.1,10.1,3.25,25.7,3.0,12.2,7.6,7.9,57.5,58.8,9.9,104.59,6.3,1705
44,Troy Brown Jr.,MIN,24,34,25,9,11.6,111.6,112.5,-0.9,12.1,1.83,18.9,3.7,12.9,8.5,10.3,57.5,60.7,15.2,100.62,8.9,827
44,Zeke Nnaji,DEN,23,34,25,9,9.7,100.9,115.2,-14.3,7.7,0.81,12.2,10.6,10.2,10.4,15.1,50.6,54.4,15.6,99.21,5.5,672
56,Aaron Gordon,DEN,28,37,24,13,32.1,120.8,112.7,8.1,12.8,2.31,19.7,8.7,12.5,10.6,8.5,57.2,59.0,17.2,98.20,9.7,2442
56,Bennedict Mathurin,IND,21,42,24,18,25.7,115.9,119.9,-4.0,10.4,1.22,12.2,4.1,10.3,7.2,10.0,52.0,57.3,22.4,104.07,8.7,2350
56,Buddy Hield,IND,31,42,24,18,26.0,122.1,117.5,4.6,12.5,1.96,17.9,2.7,10.2,6.4,9.1,57.5,58.7,19.1,104.65,8.0,2388
56,Duncan Robinson,MIA,29,40,24,16,28.8,113.6,111.3,2.3,16.0,2.22,19.6,1.0,8.3,4.7,8.8,60.1,62.4,18.9,98.54,9.0,2360
56,Jaylin Williams,OKC,21,34,24,10,11.5,114.3,108.4,5.9,14.9,3.14,26.0,3.9,22.4,13.2,8.3,50.0,53.3,13.6,100.79,8.7,824
56,Kawhi Leonard,LAC,32,36,24,12,34.5,120.3,110.1,10.2,16.2,2.28,15.0,3.2,14.2,8.9,6.6,58.8,62.9,25.4,98.20,15.6,2549
56,Khris Middleton,MIL,32,36,24,12,25.5,122.1,115.3,6.8,26.3,2.35,25.9,2.3,12.9,8.0,11.0,55.6,58.3,23.5,102.68,11.4,1972
56,Myles Turner,IND,27,41,24,17,27.7,123.0,117.2,5.8,6.2,0.88,7.9,6.5,19.4,13.1,8.9,59.0,63.5,22.6,103.37,11.5,2444
56,Obi Toppin,IND,25,42,24,18,23.3,121.3,119.8,1.5,8.5,2.16,15.3,4.4,12.5,8.4,7.1,67.8,69.4,15.3,105.63,9.3,2155
56,Paul George,LAC,33,38,24,14,34.8,122.8,112.5,10.3,15.7,1.76,14.7,1.9,13.9,8.2,8.4,57.0,61.1,26.7,98.37,12.8,2710
56,Quentin Grimes,NYK,23,40,24,16,19.7,108.3,109.6,-1.2,8.3,2.37,14.3,1.5,7.0,4.2,6.0,52.9,53.9,14.3,98.16,5.7,1610
56,Shake Milton,MIN,27,33,24,9,13.1,104.7,108.5,-3.7,14.2,1.62,18.6,1.1,8.5,4.9,11.5,45.0,50.8,17.6,103.28,5.9,931
68,Andre Jackson Jr.,MIL,22,36,23,13,11.4,116.0,120.3,-4.3,10.6,1.84,26.9,8.8,11.5,10.1,14.6,62.3,63.7,9.6,102.71,4.5,879
68,Daniel Theis,LAC,31,30,23,7,16.8,116.3,114.0,2.2,6.7,1.25,11.8,9.5,11.9,10.7,9.4,55.7,58.3,15.8,100.26,7.5,1056
68,Domantas Sabonis,SAC,27,41,23,18,35.2,115.6,116.4,-0.9,33.8,2.44,30.1,8.9,27.9,17.9,12.3,63.1,65.0,22.3,100.37,16.7,3022
68,Harrison Barnes,SAC,31,41,23,18,29.1,115.3,117.5,-2.2,5.6,1.73,12.3,2.7,7.1,4.8,7.1,58.5,62.2,13.2,101.33,6.3,2514
68,Jaime Jaquez Jr.,MIA,22,39,23,16,30.2,113.4,113.2,0.2,13.6,1.57,16.7,4.2,8.8,6.5,10.7,56.3,60.0,19.0,99.14,8.9,2431
68,James Harden,LAC,34,35,23,12,34.0,122.0,113.2,8.8,33.2,3.17,35.0,1.0,12.3,6.9,11.0,57.5,64.1,20.1,97.34,13.4,2413
68,Jarrett Allen,CLE,25,35,23,12,30.3,114.6,108.7,5.9,13.9,1.66,19.2,11.4,21.8,16.7,11.5,66.7,69.5,17.3,100.27,15.0,2207
68,Jordan Hawkins,NOP,21,38,23,15,21.9,115.0,115.7,-0.7,9.1,1.77,11.9,2.5,9.8,6.1,6.8,54.0,57.3,19.5,100.55,7.8,1757
68,Jusuf Nurkic,PHX,29,39,23,16,28.0,120.6,111.3,9.2,16.7,1.84,21.6,10.5,26.8,19.1,11.7,51.9,56.0,19.5,99.18,12.3,2264
68,Kenrich Williams,OKC,29,31,23,8,15.3,117.1,105.9,11.1,13.0,3.62,25.7,5.0,13.3,9.5,7.1,57.2,56.4,12.4,101.69,7.7,997
68,Kristaps Porzingis,BOS,28,31,23,8,29.9,120.3,109.6,10.7,9.6,1.29,11.2,5.4,15.9,10.9,8.7,59.4,65.6,22.8,101.13,13.2,1960
68,Malik Monk,SAC,25,40,23,17,26.0,115.9,115.6,0.3,30.2,2.60,26.6,1.4,8.9,5.0,10.2,54.1,57.8,23.7,102.35,11.1,2224
68,Terance Mann,LAC,27,34,23,11,25.1,120.3,115.9,4.4,9.2,2.82,19.7,5.2,8.1,6.7,7.0,50.2,52.5,12.7,98.18,5.4,1744
68,Tim Hardaway Jr.,DAL,31,39,23,16,29.6,117.9,117.7,0.1,8.4,1.74,9.1,1.2,10.9,5.9,5.3,52.8,56.6,23.6,102.23,9.3,2470
68,Tristan Thompson,CLE,32,35,23,12,12.1,118.5,113.4,5.1,12.5,1.77,23.4,13.6,17.2,15.4,13.2,67.8,62.6,12.6,98.61,9.3,870
83,Aaron Nesmith,IND,24,37,22,15,25.5,120.0,117.9,2.1,5.5,1.24,10.1,3.4,9.4,6.5,8.2,64.4,65.7,15.9,104.01,7.2,2035
83,Brandon Ingram,NOP,26,39,22,17,33.1,117.7,113.4,4.3,25.6,2.33,21.3,1.8,12.9,7.4,9.2,53.2,58.0,26.9,99.20,12.8,2670
83,Cole Anthony,ORL,23,41,22,19,24.7,111.9,112.1,-0.3,20.6,1.80,19.1,4.3,12.8,8.5,10.6,49.0,55.1,23.8,99.18,10.7,2096
83,Collin Sexton,UTA,25,44,22,22,24.2,117.3,117.0,0.2,25.6,2.24,20.1,3.5,6.9,5.2,9.0,54.7,61.3,26.5,102.40,12.4,2274
83,De'Anthony Melton,PHI,25,33,22,11,29.1,122.8,112.1,10.7,14.1,2.76,20.8,2.8,10.9,6.8,7.5,50.0,54.0,17.4,101.38,7.8,2025
83,Derrick Jones Jr.,DAL,26,40,22,18,26.0,114.9,116.6,-1.7,5.0,1.08,9.3,4.7,9.1,6.9,8.6,58.5,61.0,15.2,102.15,7.5,2216
83,Dwight Powell,DAL,32,39,22,17,16.0,120.3,114.3,6.1,13.1,3.47,32.5,11.0,13.1,12.1,9.4,71.5,75.3,9.0,102.26,8.9,1327
83,Jaden McDaniels,MIN,23,32,22,10,28.3,116.7,110.7,6.0,5.9,0.98,10.6,2.5,6.3,4.5,10.9,59.5,60.6,16.1,98.27,5.7,1844
83,Julian Strawther,DEN,21,33,22,11,13.9,105.6,116.4,-10.8,11.3,2.40,14.6,0.8,9.4,5.0,6.1,48.4,50.0,18.7,101.37,5.9,971
83,Kelly Oubre Jr.,PHI,28,29,22,7,27.3,117.5,111.5,6.1,5.1,1.07,7.6,3.2,11.8,7.5,7.1,54.9,57.3,18.5,100.92,8.0,1659
83,Kevin Huerter,SAC,25,39,22,17,23.8,118.6,115.4,3.1,14.2,4.30,20.5,2.0,13.8,7.8,4.8,54.9,56.4,17.7,100.77,8.5,1951
83,MarJon Beauchamp,MIL,23,34,22,12,15.7,117.0,115.5,1.5,6.8,1.21,14.7,3.9,11.4,7.8,12.2,56.7,57.4,13.1,103.28,5.5,1150
83,Marcus Morris Sr.,PHI,34,33,22,11,16.3,114.3,113.1,1.2,6.3,1.77,10.6,3.1,14.4,8.6,6.0,53.9,57.2,14.9,98.99,7.7,1112
83,Ochai Agbaji,UTA,23,44,22,22,20.1,109.8,114.3,-4.5,6.3,1.28,13.4,3.6,8.2,5.9,10.5,52.9,54.1,12.3,101.18,5.4,1863
83,Paolo Banchero,ORL,21,42,22,20,35.0,110.5,112.9,-2.4,23.1,1.52,16.7,3.4,17.2,10.1,11.0,48.8,53.5,29.4,99.64,12.8,3049
98,Amir Coffey,LAC,26,28,21,7,15.4,115.3,116.4,-1.0,5.3,1.50,14.5,2.6,7.8,5.3,9.7,63.8,65.9,10.2,100.40,5.5,907
98,Andre Drummond,CHI,30,44,21,23,16.0,111.2,112.2,-1.0,5.6,0.50,6.7,19.2,32.9,25.7,13.3,54.9,56.3,20.4,98.04,15.6,1432
98,Anthony Davis,LAL,30,41,21,20,36.1,114.7,114.9,-0.2,16.5,1.67,14.4,8.9,23.6,16.5,8.6,56.7,62.2,26.1,102.08,16.8,3145
98,Austin Reaves,LAL,25,43,21,22,30.2,111.9,116.7,-4.8,25.0,2.46,27.1,2.8,10.8,6.9,11.0,56.1,61.4,19.7,101.87,11.1,2758
98,Ayo Dosunmu,CHI,24,42,21,21,23.1,110.8,112.9,-2.1,13.1,2.41,20.2,2.7,7.9,5.3,8.4,55.7,58.1,15.4,97.98,7.5,1988
98,Coby White,CHI,23,44,21,23,35.5,114.4,114.2,0.1,20.3,2.32,21.4,1.3,11.3,6.3,9.2,55.1,58.3,22.2,97.11,10.2,3158
98,D'Angelo Russell,LAL,27,39,21,18,29.6,114.3,113.0,1.3,28.3,3.12,28.3,1.1,7.6,4.5,9.1,56.3,58.5,21.9,102.93,10.5,2483
98,Dean Wade,CLE,27,33,21,12,22.0,112.8,104.7,8.1,5.4,1.88,14.7,4.0,15.7,9.9,7.8,58.1,59.7,9.9,100.50,7.1,1512
98,Eric Gordon,PHX,35,35,21,14,30.4,117.0,115.1,1.9,10.7,1.88,15.9,1.1,5.7,3.6,8.5,56.8,57.9,17.2,99.48,7.3,2205
98,Grayson Allen,PHX,28,36,21,15,33.4,119.8,116.2,3.6,11.8,2.02,20.5,2.5,10.1,6.5,10.2,65.4,68.5,14.8,99.49,9.0,2491
98,Jaden Hardy,DAL,21,37,21,16,15.8,108.7,112.9,-4.3,15.5,2.11,15.4,1.7,11.1,6.2,7.3,46.8,48.6,22.6,103.28,7.2,1260
98,Jamal Murray,DEN,26,29,21,8,30.9,122.1,114.0,8.1,29.9,3.34,25.0,1.9,10.5,6.3,7.5,55.8,59.3,27.0,97.89,13.7,1823
98,Josh Okogie,PHX,25,35,21,14,18.6,112.7,109.2,3.5,9.6,2.14,18.7,6.8,7.9,7.3,8.7,45.7,53.4,12.5,100.32,6.5,1355
98,Keegan Murray,SAC,23,37,21,16,32.8,115.2,114.0,1.2,6.8,1.79,9.7,3.9,13.3,8.4,5.4,56.2,58.1,18.9,100.61,9.0,2546
98,Kelly Olynyk,UTA,32,42,21,21,20.8,112.9,116.2,-3.4,28.7,2.56,36.2,6.2,17.3,11.9,14.2,61.5,66.1,15.1,102.05,11.7,1859
98,Kyle Lowry,MIA,37,36,21,15,28.1,113.1,112.3,0.9,19.9,2.72,32.2,2.4,10.7,6.5,11.9,57.1,59.8,13.0,98.08,7.6,2073
98,Luka Doncic,DAL,24,35,21,14,36.8,118.9,117.2,1.7,42.2,2.33,22.8,1.8,20.1,10.9,9.8,56.9,61.3,35.8,101.02,19.8,2714
98,Moritz Wagner,ORL,26,40,21,19,19.2,113.2,112.8,0.4,11.3,1.08,12.3,8.1,15.7,11.9,11.4,63.1,66.8,20.9,100.56,13.1,1608
98,Naji Marshall,NOP,25,34,21,13,18.5,117.3,109.1,8.2,14.1,1.83,19.9,5.8,12.9,9.5,10.8,53.2,58.1,17.7,101.60,9.3,1332
98,Nicolas Batum,PHI,35,30,21,9,24.7,123.2,110.1,13.0,11.1,3.78,32.1,4.8,9.8,7.4,8.5,69.2,69.4,8.2,100.55,6.8,1550
98,Simone Fontecchio,UTA,28,42,21,21,22.8,114.9,115.2,-0.2,8.2,1.28,14.1,4.1,9.9,7.0,11.0,57.7,59.3,15.2,102.63,6.7,2061
119,Aaron Holiday,HOU,27,39,20,19,16.5,109.7,106.8,2.9,13.5,2.22,20.0,1.4,8.9,5.1,9.0,54.4,57.1,15.3,102.26,7.7,1373
119,Alperen Sengun,HOU,21,41,20,21,32.6,114.3,112.2,2.1,25.1,1.90,18.8,8.0,19.0,13.5,9.9,55.6,59.0,28.0,98.27,15.5,2736
119,Anthony Black,ORL,20,39,20,19,19.4,107.6,108.5,-0.9,12.2,1.79,24.6,2.7,9.7,6.3,13.8,55.7,57.7,11.3,102.48,5.9,1608
119,Chris Duarte,SAC,26,34,20,14,13.5,113.4,114.6,-1.2,8.8,1.60,17.0,2.7,11.4,6.9,10.6,44.4,47.6,14.3,100.26,3.6,947
119,De'Aaron Fox,SAC,26,35,20,15,35.6,118.1,114.9,3.3,24.8,2.24,17.9,2.4,9.3,5.7,8.0,54.5,57.9,30.6,102.68,12.8,2669
119,DeMar DeRozan,CHI,34,42,20,22,37.0,111.6,114.7,-3.0,22.7,3.73,20.4,1.5,9.5,5.4,5.5,49.0,56.0,24.2,98.08,12.0,3178
119,Dereck Lively II,DAL,19,31,20,11,25.4,120.0,114.7,5.3,6.5,1.08,15.1,11.3,18.4,15.0,14.0,73.5,72.6,12.0,101.39,9.9,1664
119,Devin Booker,PHX,27,32,20,12,36.0,120.5,114.5,6.0,33.5,2.74,23.8,2.1,10.8,6.7,8.7,54.4,60.9,29.2,99.49,14.8,2392
119,Fred VanVleet,HOU,29,40,20,20,37.0,113.9,110.9,3.1,33.1,5.33,33.7,1.0,8.7,4.9,6.3,51.6,55.9,19.5,98.21,12.1,3033
119,Furkan Korkmaz,PHI,26,26,20,6,6.6,108.7,106.3,2.4,9.8,1.50,17.9,0.5,7.6,3.9,11.9,45.5,48.6,12.6,106.48,5.1,380
119,Grant Williams,DAL,25,38,20,18,26.8,112.7,118.1,-5.4,8.6,1.74,17.4,3.5,9.4,6.3,10.0,53.9,55.7,13.0,101.25,4.6,2144
119,Immanuel Quickley,TOR,24,41,20,21,26.0,115.9,113.0,2.9,19.0,3.11,19.0,0.8,10.9,5.9,6.1,54.2,59.0,23.2,99.57,11.8,2209
119,Isaiah Jackson,IND,22,33,20,13,13.8,115.7,115.1,0.6,8.7,1.25,13.6,10.8,19.6,15.1,10.9,67.6,69.5,16.7,105.55,11.8,996
119,Jabari Smith Jr.,HOU,20,40,20,20,31.7,112.0,112.7,-0.7,6.6,1.18,10.1,6.0,20.2,13.2,8.6,55.4,58.7,17.5,98.77,10.4,2607
119,Jalen Green,HOU,21,41,20,21,30.2,111.7,114.0,-2.4,15.8,1.45,14.5,1.2,13.4,7.3,10.0,47.0,52.3,26.3,99.09,9.8,2564
119,Jevon Carter,CHI,28,42,20,22,14.3,108.1,107.5,0.6,12.5,2.26,16.8,0.8,4.6,2.6,7.4,48.7,48.9,17.8,98.77,5.2,1231
119,John Collins,UTA,26,40,20,20,27.6,112.6,121.1,-8.5,5.4,0.68,7.1,6.9,20.5,13.6,10.5,56.4,59.5,19.5,101.26,9.9,2327
119,Josh Richardson,MIA,30,33,20,13,26.7,109.2,115.2,-6.0,14.6,2.69,21.4,1.6,8.8,5.2,8.0,52.2,56.2,15.5,98.72,7.4,1815
119,Luke Kornet,BOS,28,29,20,9,14.5,117.6,112.5,5.1,8.6,2.17,19.3,11.2,12.3,11.7,8.9,69.0,72.3,10.8,97.75,10.8,852
119,OG Anunoby,NYK,26,38,20,18,34.3,116.6,108.5,8.1,8.9,1.53,14.3,2.9,9.2,6.1,9.3,58.8,60.9,16.8,100.02,8.3,2721
119,Oshae Brissett,BOS,25,25,20,5,11.8,116.8,109.1,7.6,6.3,2.33,12.5,8.8,15.4,12.0,5.4,52.0,56.7,13.3,102.43,8.4,626
119,Robert Covington,PHI,33,29,20,9,16.8,115.6,103.6,12.1,6.4,2.18,16.8,6.4,12.7,9.7,7.7,53.6,58.0,10.4,98.87,7.9,998
119,Seth Curry,DAL,33,33,20,13,12.8,112.4,104.2,8.2,8.3,1.86,14.8,2.9,7.5,5.2,8.0,47.0,49.6,14.7,102.27,5.4,908
119,Taurean Prince,LAL,29,41,20,21,30.6,112.7,116.3,-3.6,7.6,2.00,16.0,0.9,8.0,4.5,8.0,55.5,56.8,13.1,102.00,5.1,2668
119,Tyrese Haliburton,IND,23,34,20,14,33.4,125.3,118.6,6.7,50.1,5.10,37.8,1.8,10.3,6.1,7.4,59.5,63.2,25.2,104.53,17.5,2476
119,Walker Kessler,UTA,22,36,20,16,24.0,112.7,110.5,2.2,4.8,0.76,9.6,10.8,18.9,15.0,12.5,65.7,64.7,13.0,100.71,11.2,1808
119,Zion Williamson,NOP,23,35,20,15,30.4,114.4,111.7,2.7,24.2,1.81,18.5,5.9,12.2,9.1,10.2,59.2,61.7,27.6,102.21,14.1,2266
146,AJ Green,MIL,24,26,19,7,7.9,121.0,116.1,4.9,10.0,0.00,18.4,2.7,7.2,5.2,0.0,60.7,62.0,14.5,102.59,6.4,439
146,Alex Caruso,CHI,29,37,19,18,25.5,108.9,108.7,0.2,14.8,2.04,22.4,3.8,9.8,6.8,11.0,61.6,63.8,15.1,99.42,9.4,1951
146,Bam Adebayo,MIA,26,32,19,13,35.0,109.3,110.2,-0.8,21.1,1.67,16.4,6.2,23.7,15.0,9.8,50.5,57.0,26.8,98.27,15.6,2297
146,Bruce Brown,TOR,27,35,19,16,29.4,123.3,119.9,3.4,11.6,2.35,19.7,2.8,13.7,8.2,8.4,53.0,57.1,16.3,104.15,7.8,2230
146,CJ McCollum,NOP,32,29,19,10,32.0,117.9,112.1,5.9,22.7,3.42,22.4,2.0,11.6,6.8,6.6,58.1,60.4,23.0,100.54,12.5,1953
146,Christian Wood,LAL,28,37,19,18,18.8,108.3,108.1,0.2,7.8,0.86,11.8,4.9,23.1,14.6,13.7,54.3,57.7,17.4,101.08,10.5,1467
146,Craig Porter Jr.,CLE,23,27,19,8,16.3,116.1,113.6,2.5,26.6,2.69,29.4,3.4,13.8,8.7,10.9,52.5,55.0,20.3,98.21,11.2,897
146,Danuel House Jr.,PHI,30,26,19,7,13.2,110.6,104.8,5.9,8.2,1.25,17.1,2.8,8.3,5.5,13.7,52.8,57.3,11.5,102.48,5.0,733
146,Donovan Mitchell,CLE,27,31,19,12,35.6,115.5,107.1,8.4,26.5,2.19,18.3,2.9,11.6,7.4,8.3,53.5,58.9,31.0,100.46,16.1,2313
146,Franz Wagner,ORL,22,34,19,15,33.4,110.1,108.7,1.3,18.8,2.10,16.0,3.1,14.2,8.6,7.7,50.9,56.1,25.4,100.96,13.6,2387
146,Goga Bitadze,ORL,24,38,19,19,21.0,114.3,110.5,3.8,11.2,2.10,21.4,11.4,19.5,15.4,10.2,61.8,64.0,12.5,98.47,11.9,1634
146,Isaac Okoro,CLE,22,31,19,12,26.3,110.8,109.2,1.7,10.8,2.32,20.1,4.8,7.9,6.4,8.6,55.7,58.4,13.5,99.28,6.9,1673
146,Jae'Sean Tate,HOU,28,39,19,20,18.7,111.5,107.1,4.3,8.3,2.59,19.5,5.3,13.1,9.1,7.5,53.6,55.6,10.5,100.58,6.1,1519
146,Jalen Suggs,ORL,22,38,19,19,26.7,109.5,113.1,-3.6,13.4,1.23,15.4,2.4,10.4,6.3,12.5,56.0,58.7,20.4,101.10,8.6,2137
146,Jeff Green,HOU,37,40,19,21,16.3,110.0,112.5,-2.5,6.9,1.07,11.4,4.0,8.1,6.1,10.6,57.0,64.1,15.0,99.81,7.9,1359
146,Jordan Goodwin,PHX,25,35,19,16,15.5,107.0,109.5,-2.5,21.2,2.62,25.4,7.0,13.3,10.2,9.7,43.4,46.7,17.1,98.39,9.1,1114
146,Kobe Brown,LAC,24,25,19,6,10.0,114.2,121.8,-7.6,7.8,3.75,19.7,2.3,12.0,7.0,5.3,49.1,49.2,10.1,98.69,3.2,514
146,Kris Dunn,UTA,29,36,19,17,17.6,120.3,113.4,6.9,28.6,3.48,42.0,3.6,12.0,8.0,12.1,53.2,54.2,13.4,103.88,8.7,1367
146,LeBron James,LAL,39,39,19,20,34.4,113.6,112.9,0.7,34.8,2.23,24.3,2.8,17.5,10.4,10.9,58.0,61.0,28.8,101.60,16.7,2837
146,Miles McBride,NYK,23,30,19,11,9.4,100.7,104.7,-4.0,16.6,2.70,18.5,1.3,5.8,3.5,6.8,58.1,59.4,17.8,97.17,8.7,570
146,Nikola Vucevic,CHI,33,39,19,20,33.6,111.4,113.6,-2.2,16.5,2.21,16.6,7.7,23.3,15.5,7.5,50.2,52.2,23.1,97.54,12.6,2666
146,Patrick Williams,CHI,22,41,19,22,27.3,114.1,114.4,-0.3,7.6,1.17,12.8,4.0,10.2,7.0,11.0,53.3,56.0,16.1,97.48,6.8,2277
146,RJ Barrett,TOR,23,37,19,18,30.6,115.5,115.8,-0.3,13.4,1.58,13.0,2.6,13.7,8.1,8.2,51.4,56.0,25.5,101.17,10.2,2374
169,Andrew Nembhard,IND,24,28,18,10,20.5,114.3,115.3,-1.1,26.4,2.23,31.0,3.0,5.6,4.3,13.9,53.0,54.4,18.7,102.35,7.4,1221
169,Caris LeVert,CLE,29,31,18,13,28.8,114.2,113.6,0.6,21.2,2.67,19.8,1.6,10.4,6.0,7.4,49.5,53.0,24.1,100.58,10.4,1876
169,Chimezie Metu,PHX,26,31,18,13,13.2,110.9,114.6,-3.7,5.8,0.67,8.7,6.0,18.2,12.4,13.0,56.9,62.3,17.6,100.00,10.5,856
169,Dante Exum,DAL,28,30,18,12,19.5,122.5,112.8,9.7,18.7,3.31,26.6,3.0,11.1,7.2,8.0,64.8,66.5,16.9,102.09,11.2,1248
169,Dario Saric,GSW,29,40,18,22,20.9,114.9,113.4,1.5,16.6,1.88,19.8,6.5,20.0,13.1,10.5,58.1,62.1,19.3,99.63,12.2,1735
169,Davion Mitchell,SAC,25,31,18,13,12.1,98.9,113.5,-14.6,22.1,3.38,28.6,1.0,6.7,3.7,8.5,42.9,45.1,15.0,102.82,4.6,802
169,Dejounte Murray,ATL,27,42,18,24,34.7,116.1,119.2,-3.1,21.5,2.27,19.4,1.8,12.2,6.7,8.5,53.7,56.5,24.0,102.69,11.5,3119
169,Haywood Highsmith,MIA,27,28,18,10,21.1,111.6,111.6,0.0,8.3,1.75,17.0,4.2,10.1,7.1,9.7,52.1,54.4,12.5,99.06,5.7,1218
169,JaVale McGee,SAC,36,32,18,14,8.1,109.5,113.2,-3.6,8.2,0.45,9.0,11.9,23.4,17.6,19.9,63.2,64.4,21.5,105.34,12.4,576
169,Jalen Smith,IND,23,29,18,11,17.8,118.6,120.6,-2.0,8.2,1.28,12.3,8.2,24.1,16.0,9.6,70.6,72.1,18.2,103.37,12.2,1102
169,Jaxson Hayes,LAL,23,34,18,16,9.9,100.8,108.8,-8.0,5.1,0.67,11.5,5.2,11.7,8.8,17.3,65.1,64.4,11.8,102.14,4.4,714
169,KJ Martin,PHI,23,27,18,9,6.6,102.6,109.8,-7.2,9.9,2.00,17.9,3.0,8.3,5.4,9.0,48.9,49.6,12.1,104.97,4.0,389
169,Keon Ellis,SAC,24,28,18,10,12.2,116.6,115.3,1.3,12.9,2.33,24.8,2.7,8.6,5.6,10.6,59.0,60.2,13.0,101.10,5.6,716
169,Kevin Durant,PHX,35,34,18,16,36.9,118.6,114.7,3.9,25.1,1.74,18.2,1.4,15.0,8.5,10.5,58.2,64.2,29.1,100.24,16.3,2625
169,Kevon Looney,GSW,27,40,18,22,20.5,114.7,118.7,-4.0,15.8,3.31,32.0,12.3,21.7,16.9,9.7,61.8,64.3,10.3,99.79,10.3,1701
169,Keyonte George,UTA,20,38,18,20,24.3,108.7,115.6,-6.9,26.0,2.09,25.9,1.4,9.8,5.6,12.4,46.6,52.0,21.1,101.02,8.5,1945
169,Malachi Flynn,NYK,25,38,18,20,13.3,107.2,114.2,-7.0,21.8,2.20,28.3,2.3,10.8,6.3,12.9,51.0,53.6,15.7,100.36,7.5,1053
169,Saddiq Bey,ATL,24,42,18,24,32.5,118.3,118.9,-0.6,5.2,1.34,9.4,7.1,12.2,9.6,7.0,49.4,53.9,15.4,102.73,7.2,2920
169,Stephen Curry,GSW,35,37,18,19,33.2,116.6,119.5,-2.8,23.5,1.60,16.8,1.4,11.2,6.2,10.5,56.5,62.2,30.0,101.49,13.8,2607
169,T.J. McConnell,IND,31,34,18,16,16.8,116.2,115.8,0.4,43.1,3.78,38.8,3.2,13.2,8.1,10.3,53.6,55.9,20.8,103.89,14.8,1236
189,Bogdan Bogdanovic,ATL,31,40,17,23,28.1,117.6,115.9,1.7,13.4,2.36,14.0,1.7,9.9,5.6,5.9,53.4,56.1,22.9,102.51,9.3,2409
189,Cam Reddish,LAL,24,33,17,16,23.6,109.9,112.0,-2.0,7.3,1.55,15.8,2.5,7.7,5.1,10.2,46.9,51.1,13.0,102.78,4.8,1670
189,Clint Capela,ATL,29,40,17,23,26.0,113.9,117.8,-3.9,5.2,1.08,8.7,16.1,21.4,18.6,8.0,57.8,59.9,15.7,102.87,11.6,2221
189,Drew Eubanks,PHX,26,35,17,18,15.7,106.7,115.4,-8.7,9.0,0.86,14.0,8.9,17.1,13.0,16.2,59.5,63.5,14.4,99.94,9.9,1141
189,Joe Ingles,ORL,36,28,17,11,18.6,117.7,110.5,7.2,23.2,3.77,39.2,2.2,11.7,7.1,10.4,54.5,57.4,12.2,100.69,9.0,1097
189,Jonathan Kuminga,GSW,21,39,17,22,23.1,114.6,114.7,-0.1,9.9,1.05,10.4,4.9,13.1,9.0,9.9,55.3,59.0,23.3,101.94,9.8,1919
189,Josh Green,DAL,23,29,17,12,25.5,118.8,116.3,2.5,12.5,2.70,25.3,2.1,9.3,5.7,9.3,55.4,56.1,12.3,101.14,6.2,1552
189,Keita Bates-Diop,PHX,27,30,17,13,16.1,109.2,115.2,-6.0,8.4,4.50,15.9,4.9,12.2,8.6,3.5,44.4,48.6,12.8,98.38,6.9,988
189,Kessler Edwards,SAC,23,28,17,11,4.9,99.7,107.6,-8.0,7.5,7.00,13.7,3.3,11.8,7.3,2.0,52.4,53.8,12.8,103.77,7.1,296
189,Kevin Love,MIA,35,32,17,15,18.9,117.1,110.6,6.5,19.6,3.12,22.0,6.0,29.4,17.6,7.0,55.8,60.4,20.4,99.67,14.5,1250
189,Klay Thompson,GSW,33,39,17,22,30.4,117.2,120.8,-3.7,11.3,1.42,12.4,1.8,9.5,5.6,8.7,54.2,57.1,22.7,101.20,8.3,2510
189,Lauri Markkanen,UTA,26,34,17,17,32.7,119.4,115.4,4.0,8.5,1.62,8.6,7.2,19.0,13.2,5.3,59.4,64.8,24.2,102.74,15.0,2375
189,Mikal Bridges,BKN,27,41,17,24,34.7,113.6,115.6,-2.0,16.7,1.58,15.0,2.4,11.9,7.0,9.5,51.3,56.6,25.4,99.17,11.3,2944
189,Onyeka Okongwu,ATL,23,41,17,24,24.7,117.7,117.3,0.4,7.5,1.65,14.7,9.9,17.2,13.4,8.9,61.3,65.4,13.0,103.24,9.1,2172
189,Precious Achiuwa,NYK,24,36,17,19,16.1,107.7,113.1,-5.5,12.6,1.24,15.0,11.1,18.8,14.8,12.1,51.2,52.6,18.9,99.89,10.0,1209
189,Royce O'Neale,BKN,30,40,17,23,25.0,112.4,112.4,-0.1,16.6,2.88,28.1,3.0,14.9,8.9,9.8,52.3,52.8,13.1,100.37,7.5,2095
189,Sam Merrill,CLE,27,25,17,8,15.6,115.1,108.9,6.2,15.5,5.25,19.3,2.9,10.2,6.6,3.7,58.8,59.8,18.9,98.75,10.5,809
189,Vasilije Micic,OKC,30,22,17,5,12.0,116.6,101.1,15.5,26.5,4.07,39.0,0.4,5.3,3.1,9.6,47.9,50.8,14.9,98.89,7.3,542
207,Chris Paul,GSW,38,32,16,16,27.6,115.5,111.5,4.0,34.4,6.05,43.5,1.1,11.8,6.5,7.2,51.2,54.3,14.0,100.45,11.3,1851
207,Cody Zeller,NOP,31,30,16,14,8.6,115.3,108.0,7.4,14.7,2.82,29.2,12.4,16.7,14.6,10.4,39.8,46.4,11.6,102.39,6.6,554
207,Dalano Banton,BOS,24,20,16,4,7.2,104.9,106.9,-1.9,11.8,1.22,15.7,7.3,13.4,10.2,12.9,45.2,52.1,16.3,102.00,6.9,304
207,Day'Ron Sharpe,BKN,22,37,16,21,16.0,115.8,108.1,7.7,12.6,1.43,16.6,16.5,24.1,20.3,11.6,57.8,59.8,18.2,100.42,13.7,1238
207,Dennis Schroder,TOR,30,43,16,27,31.2,115.8,115.1,0.7,27.1,4.22,31.7,1.3,7.1,4.2,7.5,52.4,56.7,18.6,100.26,9.5,2807
207,Dillon Brooks,HOU,27,32,16,16,31.2,113.1,111.8,1.3,7.1,0.98,10.6,2.3,8.2,5.3,10.8,55.5,58.6,18.0,98.54,6.2,2042
207,Dorian Finney-Smith,BKN,30,38,16,22,28.5,112.2,114.5,-2.3,6.2,1.71,12.3,5.9,10.0,7.9,7.2,54.9,55.7,13.3,98.96,6.3,2223
207,Gary Harris,ORL,29,27,16,11,22.8,114.6,110.3,4.3,10.9,3.57,21.8,2.2,5.4,3.8,6.1,54.5,57.3,12.2,100.55,6.1,1291
207,Jaden Springer,PHI,21,24,16,8,9.9,106.1,113.2,-7.1,14.4,1.22,17.5,7.3,6.7,7.0,14.3,38.3,42.4,18.2,100.22,3.0,492
207,Jordan Clarkson,UTA,31,34,16,18,30.3,114.1,116.7,-2.6,26.0,1.78,20.4,3.5,8.7,6.1,11.5,47.9,53.1,26.9,101.23,10.3,2177
207,Jose Alvarado,NOP,25,26,16,10,16.5,115.0,103.7,11.3,16.3,2.40,20.2,2.7,9.3,6.1,8.4,51.3,53.1,18.4,100.29,8.6,887
207,Max Christie,LAL,20,33,16,17,17.5,107.9,109.0,-1.1,8.0,1.35,15.8,1.6,13.6,8.0,11.8,50.3,53.0,13.6,103.89,5.9,1251
207,Mo Bamba,PHI,25,24,16,8,8.9,110.8,106.2,4.6,9.3,0.87,12.1,13.6,17.3,15.4,14.0,62.0,63.6,17.9,99.80,13.4,443
207,Moses Moody,GSW,21,34,16,18,18.0,110.7,111.1,-0.4,6.9,1.17,9.4,5.6,10.6,8.0,8.1,56.8,60.1,17.8,101.43,9.6,1291
207,Sasha Vezenkov,SAC,28,32,16,16,12.9,111.6,113.7,-2.0,4.7,1.27,7.7,6.8,13.2,9.9,6.0,55.8,56.5,17.0,102.60,8.6,877
207,Scottie Barnes,TOR,22,43,16,27,35.0,112.5,116.0,-3.5,23.8,2.16,22.1,6.2,17.5,11.7,10.2,54.5,57.4,23.9,101.19,13.2,3169
207,Spencer Dinwiddie,BKN,30,39,16,23,30.8,115.4,116.2,-0.8,27.4,4.09,30.3,1.7,9.5,5.5,7.4,48.4,53.7,19.2,99.00,9.7,2473
207,Trae Young,ATL,25,39,16,23,36.3,115.3,117.9,-2.6,44.4,2.51,28.2,1.3,6.8,3.9,11.3,50.6,57.8,30.0,104.80,13.7,3088
225,Andrew Wiggins,GSW,28,36,15,21,26.3,113.0,122.1,-9.1,8.2,1.04,9.9,6.4,8.9,7.6,9.5,46.5,49.5,21.1,100.25,5.5,1979
225,Caleb Houstan,ORL,21,33,15,18,16.0,111.6,113.6,-2.0,5.8,1.83,11.9,3.8,7.1,5.4,6.5,53.4,55.6,13.1,97.42,4.9,1075
225,Caleb Martin,MIA,28,25,15,10,26.6,115.3,114.1,1.2,12.1,1.81,16.9,4.7,14.1,9.4,9.4,50.9,53.5,17.9,97.58,8.2,1345
225,Dalen Terry,CHI,21,28,15,13,10.1,111.2,107.3,3.9,14.9,2.06,28.4,3.5,13.4,8.5,13.8,43.0,48.6,12.2,98.58,5.5,582
225,Gary Trent Jr.,TOR,25,38,15,23,25.9,115.8,117.5,-1.7,8.1,2.46,12.2,1.0,7.5,4.2,5.0,54.0,55.0,18.2,100.01,6.9,2048
225,Jakob Poeltl,TOR,28,36,15,21,26.5,112.6,113.6,-1.0,12.6,1.56,20.8,10.5,21.0,15.8,13.3,68.5,67.5,15.0,100.48,11.4,2001
225,Jimmy Butler,MIA,34,27,15,12,33.8,118.0,112.4,5.6,20.9,2.49,19.2,6.1,9.1,7.7,7.7,50.9,61.4,24.5,97.64,14.1,1854
225,Jonathan Isaac,ORL,26,25,15,10,13.5,112.3,101.1,11.2,4.7,0.92,7.0,8.1,19.9,14.2,7.6,51.3,56.0,17.9,100.83,13.6,705
225,Justin Holiday,DEN,34,25,15,10,13.0,118.3,110.6,7.6,9.2,4.17,25.5,1.2,8.1,4.6,6.1,64.9,64.9,9.3,100.93,6.1,684
225,Kyrie Irving,DAL,31,26,15,11,33.2,120.0,116.4,3.6,25.2,3.26,19.0,2.3,12.3,7.3,5.9,54.6,58.7,28.7,101.18,15.0,1818
225,Pascal Siakam,IND,29,40,15,25,34.7,116.1,115.1,1.0,20.8,2.30,19.2,3.8,14.2,9.0,8.3,56.1,60.0,24.7,100.50,12.7,2906
225,Trey Lyles,SAC,28,27,15,12,20.5,121.0,112.9,8.1,8.1,2.25,17.4,4.6,18.4,11.7,7.7,58.8,59.9,12.8,101.75,8.1,1170
225,Ziaire Williams,MEM,22,40,15,25,18.8,102.2,114.1,-12.0,11.5,1.08,13.1,3.3,13.9,8.3,12.1,47.2,50.9,19.5,101.22,7.1,1581
238,Bismack Biyombo,MEM,31,30,14,16,23.9,111.3,115.3,-4.0,9.2,1.34,22.3,7.8,18.1,13.0,16.6,56.3,56.0,10.5,98.90,6.6,1478
238,Brandin Podziemski,GSW,20,34,14,20,24.4,117.8,114.3,3.5,17.9,2.64,25.5,5.8,15.8,10.7,9.7,54.1,54.9,15.9,100.03,9.7,1729
238,Chris Boucher,TOR,31,40,14,26,14.2,116.2,113.1,3.1,3.9,0.89,7.0,7.8,20.0,13.8,7.8,54.5,58.9,16.6,99.39,9.5,1173
238,Desmond Bane,MEM,25,37,14,23,34.5,108.4,114.6,-6.2,26.5,1.98,18.8,2.5,10.4,6.3,9.5,56.3,59.7,27.6,100.30,13.4,2677
238,Jalen Johnson,ATL,22,28,14,14,32.1,112.0,114.5,-2.6,14.1,1.43,18.3,3.4,21.5,12.2,12.8,61.5,63.8,17.4,104.56,12.1,1955
238,Jaren Jackson Jr.,MEM,24,40,14,26,31.5,106.3,112.2,-5.9,10.3,0.94,8.1,3.8,13.7,8.6,8.6,51.1,57.4,27.9,100.86,11.8,2646
238,Larry Nance Jr.,NOP,31,26,14,12,17.6,110.7,104.9,5.8,9.6,1.41,18.8,7.7,19.9,13.9,13.3,64.6,67.2,12.3,101.64,12.1,964
238,Nassir Little,PHX,23,25,14,11,14.7,105.2,114.2,-9.1,6.6,1.33,12.4,3.7,11.8,7.8,9.3,57.0,60.4,12.7,100.64,7.7,771
238,Rui Hachimura,LAL,25,29,14,15,22.9,111.9,108.6,3.3,6.5,1.36,8.8,3.5,11.1,7.5,6.5,53.4,56.3,19.6,102.22,8.8,1418
238,Santi Aldama,MEM,23,32,14,18,23.2,105.4,110.5,-5.1,11.6,1.50,13.6,4.6,18.2,11.2,9.1,51.7,53.1,19.3,99.86,10.6,1549
238,Svi Mykhailiuk,BOS,26,19,14,5,7.9,105.4,108.0,-2.6,5.9,1.00,9.1,3.1,7.2,5.2,9.1,39.2,40.1,16.4,100.33,2.4,313
249,Cameron Johnson,BKN,27,33,13,20,28.6,113.0,114.4,-1.4,13.1,2.77,16.2,3.7,12.0,7.6,5.8,56.4,57.8,19.1,98.74,9.5,1949
249,Jericho Sims,NYK,25,19,13,6,6.2,101.2,116.5,-15.3,3.6,1.00,13.6,5.0,14.5,10.1,13.6,66.7,66.9,7.1,99.71,5.6,245
249,Lamar Stevens,BOS,26,16,13,3,6.4,97.3,105.9,-8.5,10.3,0.86,11.8,6.6,13.2,9.8,13.7,47.1,50.6,17.5,103.96,8.0,223
249,Neemias Queta,BOS,24,15,13,2,13.5,124.9,114.7,10.2,4.6,1.17,9.3,15.0,20.0,17.5,8.0,55.6,59.8,13.9,98.02,9.1,413
249,Thomas Bryant,MIA,26,22,13,9,10.8,109.6,112.4,-2.8,8.2,0.87,11.8,9.5,20.9,15.3,13.6,56.2,60.5,17.6,100.61,10.2,492
249,Trayce Jackson-Davis,GSW,23,30,13,17,14.4,117.8,114.4,3.5,9.8,1.35,15.1,11.1,16.8,14.0,11.2,68.8,69.0,16.3,101.23,12.0,914
249,Yuta Watanabe,PHX,29,25,13,12,14.6,110.6,114.6,-4.0,3.8,0.67,8.1,2.9,8.2,5.6,12.1,46.2,48.2,13.0,99.91,2.6,762
256,Cam Thomas,BKN,22,32,12,20,28.6,112.1,118.3,-6.2,12.6,1.47,9.8,0.8,7.9,4.2,6.7,49.3,53.6,29.8,101.38,9.3,1943
256,Damian Jones,CLE,28,17,12,5,5.5,93.1,111.3,-18.2,6.8,0.80,13.3,4.1,14.6,9.1,16.7,52.5,53.9,11.9,95.56,6.0,188
256,David Roddy,MEM,22,39,12,27,22.4,105.9,113.7,-7.8,8.9,1.43,13.3,3.8,12.7,8.1,9.3,48.1,50.4,16.8,100.93,6.8,1842
256,DeAndre Jordan,DEN,35,19,12,7,12.9,107.8,113.3,-5.5,10.6,1.06,16.4,12.3,23.7,18.1,15.5,64.3,61.1,15.8,98.31,10.7,499
256,Evan Mobley,CLE,22,21,12,9,33.6,108.9,106.7,2.2,12.9,1.27,15.8,8.0,20.8,14.7,12.4,57.4,60.5,19.4,101.19,13.7,1486
256,Garrison Mathews,ATL,27,28,12,16,12.4,112.6,115.5,-2.9,5.6,1.25,15.5,2.0,8.6,5.2,12.4,70.3,68.8,10.0,102.46,4.1,736
256,Jerami Grant,POR,29,36,12,24,33.9,105.9,118.1,-12.2,12.4,1.16,10.4,1.9,8.8,5.2,9.0,52.8,57.6,25.8,99.24,10.1,2530
256,Jordan McLaughlin,MIN,27,21,12,9,8.5,100.0,98.2,1.8,28.8,6.00,38.7,3.3,7.4,5.4,6.5,50.0,50.4,13.3,104.08,10.9,388
256,Malcolm Brogdon,POR,31,32,12,20,27.2,110.0,114.6,-4.5,30.4,3.93,25.7,2.2,10.6,6.3,6.5,52.3,55.9,22.8,99.92,12.6,1815
256,Mitchell Robinson,NYK,25,21,12,9,29.2,116.6,113.7,2.9,3.3,0.71,9.9,16.9,17.9,17.4,13.8,59.2,56.7,9.3,97.24,8.9,1241
256,Nic Claxton,BKN,24,31,12,19,29.0,109.9,115.0,-5.1,9.0,1.51,13.7,9.8,23.8,16.6,9.1,64.3,64.5,15.7,99.74,13.3,1853
256,Olivier-Maxence Prosper,DAL,21,23,12,11,9.3,104.9,111.8,-6.9,12.1,4.75,19.2,5.9,16.2,10.7,4.0,41.3,47.4,14.7,105.31,7.7,473
256,Omer Yurtseven,UTA,25,24,12,12,10.7,103.1,115.3,-12.2,7.8,0.59,11.3,12.3,26.0,18.8,19.1,52.0,52.9,16.1,101.66,8.7,545
256,Ousmane Dieng,OKC,20,22,12,10,11.3,108.9,110.8,-1.9,11.0,1.90,17.0,3.4,12.1,7.8,8.9,52.6,55.2,15.8,99.63,7.2,518
256,Tari Eason,HOU,22,22,12,10,21.8,112.6,103.1,9.4,8.7,1.35,10.8,8.8,20.3,14.5,8.0,51.3,52.8,18.8,101.43,13.1,1011
256,Toumani Camara,POR,23,40,12,28,24.8,106.6,114.5,-7.9,5.5,0.79,10.5,7.0,12.4,9.5,13.2,47.6,50.3,13.4,100.14,5.0,2063
256,Tyler Herro,MIA,24,23,12,11,34.1,112.2,112.5,-0.3,20.7,1.70,15.7,1.8,14.7,8.3,9.2,52.5,55.2,28.2,99.82,12.2,1628
273,Darius Garland,CLE,23,20,11,9,34.0,112.7,108.6,4.1,26.5,1.55,21.3,1.8,6.1,4.0,13.7,52.6,57.3,27.1,100.15,11.7,1419
273,De'Andre Hunter,ATL,26,24,11,13,30.3,117.6,119.8,-2.2,6.1,0.89,9.0,2.0,11.7,6.6,10.1,54.7,60.1,18.4,103.56,7.1,1564
273,Dennis Smith Jr.,BKN,26,26,11,15,19.7,111.3,110.7,0.6,29.4,3.76,33.4,4.6,11.5,8.0,8.9,46.3,49.7,17.7,100.04,9.6,1058
273,Jabari Walker,POR,21,37,11,26,20.4,111.3,115.4,-4.1,6.4,0.97,9.9,7.9,21.5,14.2,10.1,52.6,57.8,16.2,99.80,10.0,1569
273,Jock Landale,HOU,28,23,11,12,8.9,106.5,103.8,2.7,7.1,1.38,14.7,9.5,8.7,9.1,10.7,37.3,41.5,12.2,104.40,4.6,444
273,Lindy Waters III,OKC,26,15,11,4,7.6,112.8,107.4,5.3,12.3,5.00,20.0,0.9,9.0,5.1,4.0,61.8,61.8,15.3,98.27,7.2,235
273,Lonnie Walker IV,BKN,25,23,11,12,19.1,118.9,113.4,5.6,11.2,1.17,11.5,0.9,10.9,6.0,9.8,61.8,63.5,24.4,101.39,11.6,940
273,Matisse Thybulle,POR,26,39,11,28,22.8,107.3,115.4,-8.1,6.5,2.15,17.1,1.7,7.1,4.3,8.0,56.1,57.4,9.8,100.86,6.1,1877
273,Ryan Arcidiacono,NYK,29,16,11,5,2.3,83.1,83.1,0.0,16.0,0.00,44.4,0.0,15.6,8.0,0.0,0.0,0.0,5.6,101.56,2.6,77
273,Scoot Henderson,POR,19,32,11,21,27.5,105.9,119.3,-13.4,27.6,1.47,22.2,3.0,8.2,5.4,15.1,41.6,45.8,25.3,100.25,5.0,1833
273,Thanasis Antetokounmpo,MIL,31,17,11,6,4.3,109.9,111.9,-2.0,15.3,1.13,29.0,6.7,4.8,5.6,25.8,50.0,50.0,12.4,104.33,1.1,161
273,Tre Mann,OKC,22,13,11,2,9.2,104.5,108.3,-3.8,25.3,2.22,29.0,3.5,16.1,10.1,13.0,60.0,60.6,18.2,98.06,12.3,246
273,Trendon Watford,BKN,23,30,11,19,12.2,117.6,111.3,6.4,17.8,2.00,22.2,7.3,15.4,11.4,11.1,57.6,60.8,18.8,99.49,11.1,760
273,Trey Murphy III,NOP,23,19,11,8,25.6,116.8,105.0,11.8,11.4,3.45,15.0,1.6,11.7,6.8,4.3,56.7,60.2,18.8,100.21,11.1,1018
273,Vince Williams Jr.,MEM,23,32,11,21,23.6,109.6,110.0,-0.3,12.4,1.89,22.3,4.9,16.9,10.7,11.8,52.0,57.4,13.1,100.37,8.5,1579
273,Xavier Tillman,MEM,25,29,11,18,20.7,102.8,109.8,-7.0,12.8,1.85,17.9,7.4,15.2,11.1,9.7,44.1,44.2,15.8,101.31,7.7,1268
289,A.J. Lawson,DAL,23,19,10,9,10.0,115.6,104.5,11.1,7.0,1.11,11.0,4.1,7.5,5.8,9.9,55.3,57.9,16.5,107.30,7.7,423
289,Ben Sheppard,IND,22,20,10,10,8.6,114.4,116.7,-2.3,8.6,13.00,17.8,2.1,9.4,5.3,1.4,47.2,49.7,13.6,108.31,4.5,389
289,Bradley Beal,PHX,30,17,10,7,31.7,115.4,113.8,1.5,19.2,1.84,19.0,2.5,10.6,6.7,10.3,56.3,58.9,23.1,100.24,10.0,1126
289,Chuma Okeke,ORL,25,25,10,15,13.3,103.7,106.8,-3.1,8.0,1.55,14.8,4.8,14.7,9.6,9.6,53.5,53.3,12.5,97.92,8.4,677
289,Collin Gillespie,DEN,24,14,10,4,6.9,113.1,117.3,-4.3,11.8,1.80,22.5,1.1,4.7,2.8,12.5,54.2,57.3,13.8,99.59,4.1,199
289,Jalen Pickett,DEN,24,15,10,5,6.0,106.5,107.1,-0.6,16.1,1.67,23.8,1.3,11.2,6.5,14.3,58.0,59.9,15.8,98.16,7.1,184
289,Jarred Vanderbilt,LAL,24,22,10,12,19.0,112.2,109.2,3.0,6.5,1.57,19.3,6.6,17.2,12.0,12.3,48.6,50.4,9.1,103.30,6.0,893
289,Jeremiah Robinson-Earl,NOP,23,17,10,7,11.5,107.6,113.6,-6.0,6.7,1.00,12.5,5.9,16.3,11.4,12.5,60.8,63.4,13.5,101.94,9.6,410
289,John Konchar,MEM,27,33,10,23,16.8,103.2,112.0,-8.8,12.4,3.06,28.7,5.1,17.2,10.9,9.4,45.0,47.2,9.2,101.36,7.9,1165
289,Josh Minott,MIN,21,15,10,5,3.1,100.0,105.8,-5.8,10.3,3.00,11.5,2.0,4.1,3.0,3.8,44.4,55.8,19.2,109.58,8.0,108
289,Orlando Robinson,MIA,23,17,10,7,12.8,114.3,110.9,3.4,16.4,1.92,24.0,8.7,20.2,14.5,12.5,58.5,60.6,15.6,98.34,9.9,446
289,Talen Horton-Tucker,UTA,23,30,10,20,22.0,112.6,113.7,-1.1,28.8,2.47,25.1,1.8,9.0,5.4,10.2,47.3,50.8,23.3,100.51,9.4,1384
289,Torrey Craig,CHI,33,27,10,17,21.2,107.6,115.3,-7.7,6.8,1.75,14.6,7.6,14.5,10.8,8.3,52.9,55.3,12.0,98.34,6.4,1164
289,Zach LaVine,CHI,28,25,10,15,34.9,109.9,115.3,-5.4,17.2,1.88,17.3,0.9,13.4,7.2,9.2,53.1,57.8,23.8,97.91,11.0,1780
303,Amen Thompson,HOU,20,22,9,13,15.7,107.4,110.9,-3.5,16.3,1.60,20.8,5.1,18.3,11.2,13.0,46.8,50.5,17.8,104.80,8.8,746
303,Braxton Key,DEN,26,13,9,4,3.4,97.9,104.2,-6.3,25.8,8.00,32.0,4.7,19.5,11.9,4.0,39.3,46.3,16.8,103.15,11.3,95
303,Gradey Dick,TOR,20,22,9,13,12.5,103.5,113.6,-10.1,11.8,1.57,17.9,2.2,6.4,4.2,11.4,42.5,47.9,14.9,100.69,3.7,571
303,Julian Phillips,CHI,20,22,9,13,4.5,99.5,96.2,3.3,9.7,3.50,20.0,2.6,7.7,5.0,5.7,35.4,34.9,11.0,103.42,1.1,214
303,Kira Lewis Jr.,TOR,22,15,9,6,9.6,98.1,102.5,-4.5,20.5,2.25,22.0,2.5,5.7,4.2,9.8,32.7,38.7,18.4,104.49,5.2,310
303,Luka Samanic,UTA,24,19,9,10,6.4,108.6,96.3,12.3,4.9,0.44,5.5,5.5,21.4,14.0,12.3,42.7,47.8,22.4,106.61,8.3,269
303,Reggie Bullock Jr.,HOU,32,17,9,8,9.3,107.6,121.0,-13.4,7.5,2.25,18.8,1.2,14.3,7.4,8.3,54.3,55.0,10.4,99.85,5.7,328
310,Alex Len,SAC,30,17,8,9,8.8,123.5,101.9,21.6,15.3,1.73,30.2,14.7,22.1,18.4,17.5,62.1,59.9,12.0,101.50,10.3,315
310,Bol Bol,PHX,24,12,8,4,7.2,120.1,113.3,6.8,9.2,1.00,16.2,11.8,21.4,16.9,16.2,80.4,81.3,14.9,100.32,14.7,179
310,Bones Hyland,LAC,23,16,8,8,14.6,107.7,111.3,-3.6,18.3,1.40,17.4,0.9,5.3,3.2,12.4,48.6,50.8,23.9,100.67,5.9,494
310,Cam Whitmore,HOU,19,18,8,10,14.9,109.8,114.7,-4.9,3.6,0.46,3.7,3.3,17.2,9.8,8.0,58.1,59.5,23.4,103.11,11.7,573
310,Cedi Osman,SAS,28,42,8,34,18.0,106.7,121.7,-15.0,14.4,3.12,21.5,2.0,12.0,6.8,6.9,57.9,59.1,15.3,104.27,8.1,1649
310,Davis Bertans,OKC,31,12,8,4,6.9,123.7,110.6,13.1,11.3,8.00,21.1,2.3,9.5,5.8,2.6,56.3,67.0,14.4,105.63,9.1,186
310,Devin Vassell,SAS,23,37,8,29,30.8,107.5,113.1,-5.6,16.4,2.51,16.7,1.1,9.6,5.3,6.7,54.5,57.4,22.2,103.92,10.9,2466
310,Doug McDermott,SAS,32,37,8,29,15.3,109.4,123.8,-14.4,10.9,2.61,19.7,0.7,5.4,3.1,7.6,63.2,63.7,14.0,103.48,5.9,1232
310,Duop Reath,POR,27,29,8,21,18.3,115.1,114.3,0.8,9.5,1.39,11.2,7.4,16.0,11.3,8.1,56.1,58.5,20.0,97.87,9.6,1076
310,Gary Payton II,GSW,31,16,8,8,16.3,109.4,104.1,5.3,7.2,1.30,12.3,5.6,11.5,8.5,9.4,51.3,52.4,14.1,103.84,7.3,565
310,JT Thor,CHA,21,34,8,26,14.7,106.2,115.3,-9.1,3.9,1.75,9.4,6.6,11.8,9.0,5.4,41.9,42.1,11.1,100.44,4.0,1048
310,Jalen McDaniels,TOR,25,27,8,19,9.1,106.1,113.1,-7.1,8.6,1.75,11.8,2.6,10.2,6.3,6.7,38.2,41.9,17.6,100.35,3.8,512
310,Jeremy Sochan,SAS,20,42,8,34,29.4,107.3,116.0,-8.8,19.1,2.06,23.6,5.2,13.6,9.3,11.4,48.9,52.3,18.3,102.62,8.1,2637
310,Jordan Nwora,TOR,25,19,8,11,9.8,112.8,118.0,-5.2,13.0,1.50,15.4,4.0,14.5,8.9,10.3,53.0,55.2,21.0,106.27,8.4,415
310,Keldon Johnson,SAS,24,40,8,32,31.2,109.2,117.4,-8.3,16.4,2.09,17.1,3.8,14.2,8.9,8.2,52.1,56.2,22.2,104.41,10.0,2714
310,Malaki Branham,SAS,20,41,8,33,20.8,107.4,121.5,-14.1,15.4,1.90,19.6,1.3,7.9,4.5,10.3,49.1,50.7,18.5,103.91,5.9,1847
310,Markieff Morris,DAL,34,16,8,8,9.4,100.9,118.2,-17.3,10.9,1.22,15.9,2.4,15.1,8.6,13.0,41.5,43.1,15.8,101.79,5.4,324
310,P.J. Washington,CHA,25,34,8,26,28.4,110.1,120.5,-10.4,10.8,1.46,13.8,4.3,14.4,9.1,9.5,50.3,52.8,19.9,100.57,7.6,2020
310,Shaedon Sharpe,POR,20,32,8,24,33.1,105.8,116.0,-10.3,13.8,1.31,14.5,3.6,11.6,7.3,11.1,47.5,52.4,22.0,99.67,8.0,2190
310,Taylor Hendricks,UTA,20,13,8,5,14.0,113.9,112.3,1.6,4.1,0.67,7.9,5.9,9.0,7.5,11.8,50.0,52.0,15.5,101.03,6.0,382
310,Trent Forrest,ATL,25,16,8,8,10.8,106.1,118.1,-12.0,23.0,3.22,34.1,2.5,12.8,6.9,10.6,38.1,43.1,13.1,100.20,5.8,363
310,Udoka Azubuike,PHX,24,11,8,3,8.3,114.3,126.2,-11.9,4.4,0.75,10.0,10.1,16.7,13.5,13.3,78.9,71.9,12.4,100.15,7.0,189
310,Victor Wembanyama,SAS,20,36,8,28,28.5,105.9,112.9,-7.0,17.0,0.91,12.2,7.1,26.6,16.8,13.5,50.8,55.2,30.4,104.53,15.1,2233
333,AJ Griffin,ATL,20,16,7,9,8.0,111.1,119.8,-8.7,4.3,0.67,7.5,1.5,9.5,5.2,11.3,41.7,43.1,15.2,107.43,2.1,288
333,Bilal Coulibaly,WAS,19,40,7,33,26.2,109.1,118.5,-9.4,9.2,1.38,17.7,3.1,12.9,7.9,12.9,55.7,57.7,13.6,103.40,6.5,2256
333,Brandon Miller,CHA,21,34,7,27,30.5,110.4,119.5,-9.1,10.5,1.34,12.6,2.9,10.4,6.5,9.4,50.3,53.1,21.3,99.30,6.9,2146
333,Bruno Fernando,ATL,25,13,7,6,6.5,111.5,103.9,7.6,6.5,0.57,8.7,8.5,22.9,15.8,15.2,51.9,53.7,20.6,103.03,8.1,182
333,Chris Livingston,MIL,20,12,7,5,4.8,120.2,117.2,2.9,8.0,1.33,20.0,4.4,18.2,12.0,15.0,62.5,66.0,12.0,102.51,7.7,124
333,Corey Kispert,WAS,24,40,7,33,21.8,109.3,120.7,-11.4,10.4,1.53,13.1,1.5,7.9,4.7,8.6,60.7,63.0,19.4,103.59,8.1,1891
333,Cory Joseph,GSW,32,21,7,14,10.7,112.1,117.7,-5.6,19.9,3.27,36.7,1.6,6.7,4.0,11.2,33.3,35.2,11.0,101.94,2.7,480
333,DaQuan Jeffries,NYK,26,10,7,3,3.0,85.7,100.0,-14.3,11.8,2.00,12.5,0.0,13.9,6.6,6.3,45.8,42.7,19.7,101.31,5.6,63
333,Daniel Gafford,WAS,25,36,7,29,26.1,114.4,122.0,-7.6,7.6,1.50,15.8,9.7,17.5,13.7,10.6,68.5,70.8,13.3,104.68,10.2,2045
333,Deandre Ayton,POR,25,25,7,18,31.6,106.5,115.8,-9.4,7.7,0.76,10.2,10.3,24.1,16.9,13.3,54.0,55.9,18.3,99.75,11.5,1641
333,Deni Avdija,WAS,23,41,7,34,27.5,110.5,118.5,-8.0,19.0,2.25,24.3,3.7,17.6,10.7,10.8,55.2,59.0,18.2,105.39,10.3,2469
333,Draymond Green,GSW,33,16,7,9,25.0,111.2,117.2,-6.0,32.6,2.33,36.0,5.1,16.6,10.7,15.4,57.9,62.3,16.2,102.68,10.9,859
333,Dru Smith,MIA,26,9,7,2,14.5,97.4,112.5,-15.0,18.7,2.80,26.4,4.1,5.8,4.9,9.4,56.1,57.6,12.8,99.74,8.3,271
333,Gordon Hayward,CHA,33,25,7,18,31.9,112.2,120.7,-8.5,20.0,2.27,23.3,3.1,11.6,7.3,10.2,50.5,54.4,20.1,100.01,9.5,1666
333,Jordan Poole,WAS,24,40,7,33,29.2,109.9,123.8,-13.9,17.1,1.60,16.3,1.3,6.2,3.7,10.2,48.4,52.9,25.7,105.15,6.7,2561
333,Juan Toscano-Anderson,SAC,30,11,7,4,4.8,99.1,99.2,-0.1,10.8,2.00,22.2,6.8,16.7,11.8,11.1,29.2,29.2,10.6,104.36,1.3,110
333,Kyle Kuzma,WAS,28,41,7,34,31.2,110.9,123.5,-12.6,20.6,1.61,15.7,3.3,16.2,9.8,9.8,51.5,54.2,30.2,104.59,11.2,2788
333,Luke Kennard,MEM,27,19,7,12,23.8,107.7,112.6,-5.0,17.6,3.79,24.9,1.7,11.4,6.4,6.6,60.2,62.7,15.1,100.96,10.2,953
333,Marcus Smart,MEM,29,20,7,13,30.2,108.5,109.2,-0.8,21.1,1.39,21.0,0.9,7.3,4.1,15.1,51.9,55.2,22.5,102.65,8.3,1289
333,Mark Williams,CHA,22,19,7,12,26.8,115.2,116.4,-1.2,5.9,1.29,10.0,14.3,20.9,17.6,7.7,64.9,67.5,16.2,100.03,12.9,1056
333,Nikola Jovic,MIA,20,16,7,9,18.4,117.4,105.2,12.2,16.0,2.25,24.8,5.0,19.6,12.4,11.0,52.4,53.6,15.9,97.06,8.5,596
333,Robin Lopez,MIL,35,11,7,4,2.9,95.8,101.5,-5.7,13.6,3.00,25.0,3.4,5.9,4.8,8.3,57.1,63.5,11.5,102.71,6.4,71
333,Skylar Mays,LAL,26,24,7,17,15.9,103.9,115.3,-11.3,31.2,4.39,31.5,2.4,8.5,5.1,7.2,45.3,47.3,18.8,99.13,9.2,787
333,Terry Taylor,CHI,24,16,7,9,6.7,108.2,100.0,8.2,4.9,0.57,12.1,10.9,6.7,8.7,21.2,59.1,60.2,11.2,101.78,4.8,233
333,Tre Jones,SAS,24,38,7,31,25.1,112.0,115.1,-3.1,28.4,3.76,36.1,2.6,9.2,5.9,9.6,53.3,57.2,15.8,104.22,10.4,2073
333,Tyus Jones,WAS,27,41,7,34,28.2,111.5,123.7,-12.3,27.4,6.83,34.0,1.1,8.9,4.9,5.0,59.0,59.7,16.5,104.89,11.3,2528
333,Wendell Moore Jr.,MIN,22,10,7,3,3.0,84.9,116.4,-31.5,4.8,0.50,12.5,0.0,9.4,4.8,25.0,60.0,60.0,8.9,114.97,5.0,73
360,Admiral Schofield,ORL,26,11,6,5,4.0,99.0,92.9,6.1,15.4,1.00,18.2,2.2,9.6,6.2,18.2,46.2,43.2,17.5,107.00,0.3,96
360,Aleksej Pokusevski,OKC,22,7,6,1,6.1,97.7,128.9,-31.2,16.7,1.67,25.0,4.3,18.2,10.0,15.0,22.7,25.3,15.2,94.96,0.3,87
360,Brandon Boston Jr.,LAC,22,8,6,2,7.4,100.0,137.0,-37.0,11.4,1.33,9.5,4.9,9.3,7.0,7.1,46.9,52.0,26.4,98.82,6.0,124
360,Bryce McGowens,CHA,21,33,6,27,17.1,106.7,118.9,-12.2,7.7,1.55,15.4,2.1,8.5,5.3,10.0,53.4,56.6,13.1,98.39,4.6,1158
360,Colby Jones,SAC,21,15,6,9,7.4,108.8,109.3,-0.5,12.0,1.80,15.8,7.1,11.1,9.0,8.8,39.3,40.4,17.4,98.92,4.2,228
360,Emoni Bates,CLE,19,10,6,4,7.6,90.6,125.6,-35.1,12.2,6.00,18.2,1.3,11.8,6.5,3.0,34.0,34.8,15.3,100.83,3.0,159
360,Hunter Tyson,DEN,23,8,6,2,2.5,111.4,109.5,1.8,5.9,0.00,20.0,0.0,26.3,13.9,0.0,25.0,25.0,9.1,105.26,0.0,44
360,Ja Morant,MEM,24,9,6,3,35.3,111.0,111.1,-0.2,38.4,2.70,24.5,1.9,13.4,7.7,9.1,51.2,57.0,29.6,101.08,15.7,675
360,Jacob Gilyard,MEM,25,25,6,19,16.4,107.1,119.4,-12.3,29.5,5.40,45.0,1.6,5.1,3.2,8.3,56.0,56.3,10.5,96.89,7.4,832
360,Jae Crowder,MIL,33,11,6,5,24.8,109.6,121.3,-11.7,7.7,3.75,17.2,1.4,12.8,6.8,4.6,65.1,65.1,11.0,104.44,7.6,594
360,Jarace Walker,IND,20,14,6,8,10.4,116.5,118.9,-2.4,16.5,2.71,21.8,3.3,10.4,6.6,8.0,50.0,52.4,18.4,105.92,7.9,322
360,Julian Champagnie,SAS,22,35,6,29,15.5,104.5,115.7,-11.2,8.8,1.42,14.3,2.4,11.7,6.9,10.1,55.7,58.9,15.5,103.70,7.5,1171
360,LaMelo Ball,CHA,22,19,6,13,32.7,111.3,118.1,-6.8,38.6,1.97,23.5,3.9,12.2,7.9,11.9,53.5,58.1,31.4,103.23,14.1,1332
360,Mason Plumlee,LAC,33,10,6,4,15.8,109.3,115.0,-5.7,9.7,2.20,18.6,7.4,21.9,14.8,8.5,74.2,70.4,13.0,100.30,12.4,333
360,Matt Ryan,NOP,26,13,6,7,22.9,112.2,107.4,4.8,6.2,0.88,11.9,1.6,7.5,4.7,13.6,65.1,67.9,14.3,104.40,6.7,647
360,Miles Bridges,CHA,25,29,6,23,36.7,107.3,118.4,-11.1,13.0,1.46,12.8,2.1,18.0,9.7,8.8,52.8,56.1,23.5,99.56,11.2,2209
360,Moussa Diabate,LAC,21,10,6,4,5.8,117.9,122.6,-4.7,10.0,2.00,13.3,23.0,9.7,16.3,6.7,50.0,58.0,17.6,96.46,13.2,117
360,Otto Porter Jr.,TOR,30,15,6,9,11.6,112.2,107.5,4.7,5.8,4.00,18.2,3.2,13.0,8.0,4.5,54.5,56.8,8.3,103.13,5.4,376
360,P.J. Tucker,LAC,38,15,6,9,15.9,109.9,110.5,-0.5,4.3,2.00,25.0,6.6,11.3,9.0,12.5,44.7,49.2,4.3,99.49,2.2,494
360,Richaun Holmes,DAL,30,17,6,11,10.1,101.9,106.1,-4.2,7.7,0.90,12.5,12.2,18.6,15.2,13.9,50.0,51.0,14.7,101.71,8.6,366
360,Terry Rozier,CHA,29,29,6,23,35.5,109.0,121.9,-12.9,30.8,3.18,23.1,1.6,10.0,5.6,7.3,53.7,57.8,27.0,99.56,13.1,2135
360,Wendell Carter Jr.,ORL,24,16,6,10,24.1,106.0,106.4,-0.3,10.2,1.37,14.3,7.6,19.3,13.4,10.4,57.6,61.0,17.2,100.24,11.3,810
360,Zach Collins,SAS,26,33,6,27,25.9,107.2,118.4,-11.3,18.9,1.43,19.8,7.0,15.2,11.0,13.8,55.0,58.3,21.5,102.70,9.2,1828
383,Blake Wesley,SAS,20,21,5,16,9.5,102.7,109.7,-6.9,28.7,4.88,35.1,2.2,7.8,4.7,7.2,50.0,50.8,14.7,104.24,6.8,437
383,Danilo Gallinari,DET,35,27,5,22,14.9,111.8,120.0,-8.2,12.1,2.83,16.9,2.9,16.3,9.6,6.0,51.9,59.5,17.6,103.51,9.7,871
383,Derrick Rose,MEM,35,17,5,12,17.9,102.6,106.0,-3.4,29.5,2.59,26.3,2.1,7.0,4.6,10.1,48.0,51.7,22.1,101.83,10.0,645
383,Ish Smith,CHA,35,33,5,28,16.7,100.9,116.0,-15.2,26.4,2.51,38.6,1.7,8.6,4.9,15.4,46.3,46.8,12.7,100.27,6.1,1145
383,Jamal Cain,MIA,24,14,5,9,14.9,107.0,110.8,-3.8,2.1,0.75,3.7,5.7,8.8,7.2,4.9,50.0,53.8,15.9,99.16,6.7,428
383,Kenneth Lofton Jr.,PHI,21,16,5,11,6.4,101.8,103.6,-1.8,21.2,1.75,20.9,1.6,15.5,7.7,11.9,39.7,42.8,20.7,105.22,4.7,224
383,Kris Murray,POR,23,25,5,20,12.6,105.3,107.9,-2.6,7.2,1.23,13.2,4.9,9.7,7.0,10.7,48.3,50.1,13.4,100.58,7.1,661
383,Luka Garza,MIN,25,8,5,3,2.8,100.0,98.1,1.9,13.3,1.00,8.3,13.3,15.4,14.3,8.3,31.3,38.4,33.3,113.68,0.0,54
383,Maxi Kleber,DAL,31,8,5,3,17.7,111.5,118.4,-6.9,14.6,2.14,28.3,4.0,17.0,10.1,13.2,42.0,47.9,11.3,103.73,4.7,304
383,Maxwell Lewis,LAL,21,13,5,8,4.3,73.2,102.5,-29.3,10.0,0.60,17.6,1.7,3.2,2.5,29.4,16.7,16.7,10.2,104.48,-2.7,123
383,Nick Richards,CHA,26,32,5,27,24.3,106.4,120.4,-14.0,5.2,0.93,10.5,9.8,21.9,15.7,11.3,67.5,70.8,12.6,98.82,10.6,1598
383,Nick Smith Jr.,CHA,19,25,5,20,15.0,100.7,122.3,-21.6,12.9,1.23,13.3,3.4,8.2,5.6,10.8,52.3,52.7,20.6,96.27,6.0,750
383,Olivier Sarr,OKC,24,9,5,4,7.6,113.4,106.3,7.1,3.9,1.00,10.5,10.0,25.6,18.8,10.5,63.6,68.9,10.6,100.66,8.9,142
383,Patty Mills,ATL,35,11,5,6,10.5,108.1,115.0,-6.9,8.0,1.75,18.9,1.4,7.9,4.3,10.8,65.4,65.4,10.2,102.16,4.4,247
383,Saben Lee,PHX,24,10,5,5,6.9,112.3,106.8,5.5,23.9,2.75,26.2,9.1,6.7,7.7,9.5,42.1,54.8,19.1,101.43,10.4,146
383,Taj Gibson,NYK,38,10,5,5,9.7,101.0,113.1,-12.1,7.1,2.50,23.8,5.9,11.8,8.8,9.5,50.0,50.0,7.1,102.20,2.3,205
399,Alec Burks,DET,32,35,4,31,20.1,108.1,121.7,-13.5,11.5,2.17,11.4,2.0,9.5,5.6,5.3,51.8,58.2,23.1,103.73,9.8,1527
399,Anfernee Simons,POR,24,19,4,15,33.0,107.1,123.3,-16.3,25.9,2.11,17.8,1.3,9.8,5.1,8.4,50.6,55.7,28.4,99.43,11.5,1302
399,Anthony Gill,WAS,31,24,4,20,6.1,123.0,102.4,20.6,8.1,0.91,13.5,9.4,13.5,11.6,14.9,51.1,55.7,17.4,107.31,7.9,326
399,Ausar Thompson,DET,20,42,4,38,23.9,106.2,116.8,-10.6,12.0,1.47,17.0,8.6,19.6,13.9,11.6,48.3,50.8,16.8,102.28,8.5,2119
399,Daishen Nix,MIN,21,6,4,2,3.5,137.0,111.4,25.6,0.0,0.00,0.0,0.0,4.5,2.3,0.0,50.0,45.0,17.3,101.89,2.9,46
399,Delon Wright,WAS,31,20,4,16,17.0,110.4,113.2,-2.7,24.8,6.60,37.5,2.5,10.1,6.3,5.7,42.6,48.6,13.4,103.75,9.5,737
399,Ibou Badji,POR,21,11,4,7,14.5,96.9,114.8,-17.9,7.5,0.89,22.9,9.7,15.9,12.6,25.7,60.0,59.5,7.1,99.83,3.9,327
399,Jaden Ivey,DET,21,38,4,34,26.5,111.4,118.9,-7.6,19.7,1.60,19.5,4.9,9.5,7.2,12.2,51.4,55.8,23.4,103.15,8.4,2161
399,Jalen Duren,DET,20,27,4,23,29.8,109.8,118.2,-8.3,12.3,1.23,16.9,10.4,26.7,18.4,13.7,64.6,66.0,17.2,101.92,13.6,1708
399,Jalen Hood-Schifino,LAL,20,10,4,6,7.8,86.3,110.3,-24.0,14.0,1.00,12.2,2.3,9.0,5.5,12.2,23.4,27.5,22.5,102.88,-3.5,168
399,Jay Huff,DEN,26,5,4,1,2.3,89.7,103.4,-13.8,16.7,1.00,16.7,0.0,14.3,5.9,16.7,50.0,50.0,16.1,118.84,0.0,29
399,Jerome Robinson,GSW,26,6,4,2,3.9,113.5,109.6,3.8,5.0,0.00,9.1,3.6,8.7,5.9,0.0,0.0,20.7,16.4,106.59,-1.9,52
399,Jett Howard,ORL,20,10,4,6,3.9,105.6,95.5,10.1,12.5,1.50,12.0,2.6,7.3,5.1,8.0,47.4,47.8,22.2,110.29,6.6,89
399,Jordan Miller,LAC,23,4,4,0,4.0,91.4,151.5,-60.1,0.0,0.00,0.0,11.1,5.3,8.1,16.7,70.0,70.0,14.6,101.68,5.3,35
399,Killian Hayes,DET,22,37,4,33,24.7,106.1,117.3,-11.2,26.3,4.00,35.4,1.2,10.3,5.7,8.8,44.4,46.8,15.1,102.12,7.5,1940
399,Leonard Miller,MIN,20,5,4,1,3.7,76.2,117.5,-41.3,14.3,1.00,9.1,0.0,50.0,23.7,9.1,72.2,72.2,22.2,106.09,21.9,42
399,Markelle Fultz,ORL,25,11,4,7,23.9,103.6,106.9,-3.3,22.7,2.86,27.2,5.0,8.1,6.5,9.5,46.1,46.4,17.0,100.08,8.4,550
399,Mike Muscala,DET,32,26,4,22,14.1,106.4,120.7,-14.3,9.7,1.53,17.1,6.0,15.1,10.5,11.2,46.9,50.1,14.5,102.94,5.6,786
399,Sandro Mamukelashvili,SAS,24,24,4,20,7.1,104.7,107.3,-2.5,21.2,3.13,25.8,8.0,19.2,13.1,8.2,46.4,50.8,16.7,104.99,10.4,379
399,Thaddeus Young,TOR,35,15,4,11,11.5,118.5,113.1,5.4,20.4,4.00,34.1,7.3,13.2,10.3,8.5,52.2,51.9,13.6,98.87,8.2,352
399,Wesley Matthews,ATL,37,19,4,15,11.2,112.8,118.2,-5.4,7.5,2.00,18.2,1.7,9.9,5.7,9.1,33.3,42.2,10.4,103.56,2.3,453
420,Armoni Brooks,BKN,25,10,3,7,10.4,127.7,114.0,13.7,6.0,1.67,9.3,6.1,9.8,7.9,5.6,44.6,44.8,18.8,98.52,5.4,213
420,Ben Simmons,BKN,27,6,3,3,31.8,111.5,118.6,-7.1,26.0,2.67,43.0,8.1,23.9,16.2,16.1,52.8,51.6,11.8,100.96,10.2,399
420,Boban Marjanovic,HOU,35,6,3,3,6.2,100.0,122.5,-22.5,14.3,0.00,18.2,12.8,27.0,19.7,0.0,38.9,37.1,19.4,103.64,8.8,80
420,Brice Sensabaugh,UTA,20,4,3,1,2.9,92.6,115.4,-22.8,25.0,0.00,25.0,8.3,16.7,12.5,0.0,41.7,41.7,19.4,110.45,9.7,27
420,Cade Cunningham,DET,22,36,3,33,34.5,109.4,119.3,-9.9,32.8,1.92,22.8,1.3,10.7,5.9,11.9,49.8,54.4,29.4,101.34,11.6,2615
420,Charles Bassey,SAS,23,19,3,16,10.8,105.1,116.7,-11.6,13.6,1.40,26.9,10.2,26.5,17.8,19.2,72.5,73.9,11.0,105.69,11.6,455
420,E.J. Liddell,NOP,23,6,3,3,2.8,100.0,123.1,-23.1,10.0,0.50,11.1,0.0,15.0,8.6,22.2,20.0,34.0,18.2,112.52,1.3,40
420,Garrett Temple,TOR,37,11,3,8,4.1,107.1,108.0,-0.9,20.0,3.00,26.1,5.7,12.2,8.5,8.7,53.8,61.0,14.7,105.06,10.4,99
420,Greg Brown III,DAL,22,6,3,3,6.6,101.1,110.6,-9.6,13.8,1.00,17.4,6.4,12.2,9.4,17.4,50.0,50.1,17.8,113.53,4.4,94
420,Harry Giles III,BKN,25,12,3,9,5.6,122.9,117.2,5.6,6.1,0.75,6.4,11.7,13.5,12.6,8.5,51.4,52.6,24.9,101.95,8.8,140
420,Isaiah Stewart,DET,22,31,3,28,30.7,110.3,115.2,-4.9,7.6,1.08,13.9,6.0,16.4,11.2,12.9,55.0,57.3,15.0,100.53,7.6,1986
420,Jalen Slawson,SAC,24,5,3,2,3.7,86.8,123.7,-36.8,16.7,1.00,28.6,0.0,20.0,10.8,28.6,66.7,66.7,11.6,97.57,7.6,38
420,Jaylen Nowell,MEM,24,9,3,6,17.3,108.2,108.8,-0.6,14.5,3.20,20.8,1.8,6.7,4.2,6.5,43.6,45.3,16.2,101.14,4.9,329
420,Jermaine Samuels Jr.,HOU,25,6,3,3,6.3,106.2,126.9,-20.8,6.5,0.00,20.0,2.6,21.2,11.1,0.0,71.4,76.1,8.7,101.49,10.4,81
420,Joe Harris,DET,32,15,3,12,10.5,102.9,117.1,-14.2,8.7,2.50,19.6,1.8,6.1,3.9,7.8,50.0,50.2,10.4,104.11,2.6,345
420,Jontay Porter,TOR,24,10,3,7,16.6,114.8,126.1,-11.3,18.9,3.00,27.0,7.5,14.6,11.0,9.0,43.4,47.8,16.8,102.58,6.9,352
420,Landry Shamet,WAS,26,25,3,22,15.5,113.5,121.3,-7.7,12.2,1.94,15.6,1.2,6.9,3.9,8.0,59.0,60.1,19.4,102.71,7.0,828
420,Lindell Wigginton,MIL,25,3,3,0,2.5,64.7,131.3,-66.5,0.0,0.00,0.0,0.0,0.0,0.0,14.3,40.0,51.0,41.2,103.80,2.9,17
420,Marcus Sasser,DET,23,38,3,35,15.2,110.3,119.9,-9.6,25.4,3.13,28.3,1.0,9.1,4.9,9.1,55.7,58.2,18.0,103.34,9.5,1247
420,Nate Hinton,HOU,24,5,3,2,5.3,115.5,119.3,-3.8,4.3,1.00,9.1,7.1,10.3,8.8,9.1,66.7,66.7,15.2,104.94,4.5,58
420,R.J. Hampton,MIA,22,8,3,5,9.5,118.4,107.8,10.6,12.7,2.67,30.8,2.6,4.5,3.6,11.5,32.1,33.6,9.8,98.50,0.3,158
420,Ricky Council IV,PHI,22,3,3,0,2.7,55.0,125.0,-70.0,0.0,0.00,0.0,0.0,0.0,0.0,0.0,0.0,26.6,9.1,118.01,-7.7,20
420,Theo Maledon,PHX,22,13,3,10,15.4,110.6,123.8,-13.2,17.9,1.87,24.6,1.8,9.8,5.5,13.2,32.6,37.9,16.8,103.88,3.3,433
443,Brandon Williams,DAL,24,5,2,3,6.1,92.3,109.1,-16.8,40.0,3.00,28.6,5.4,9.1,7.1,9.5,63.6,60.6,20.5,103.71,13.9,65
443,Cody Martin,CHA,28,11,2,9,26.0,102.9,115.2,-12.3,13.0,2.08,21.3,3.9,8.7,6.1,10.2,42.6,43.5,14.8,99.62,5.2,594
443,Cole Swider,MIA,24,8,2,6,4.7,101.3,88.5,12.8,13.0,1.00,12.0,2.3,2.6,2.4,12.0,60.5,60.5,23.7,99.76,11.4,78
443,Dereon Seabron,NOP,23,5,2,3,10.5,118.8,92.2,26.6,9.8,0.00,20.0,2.2,8.6,6.0,0.0,34.6,44.8,12.8,103.90,6.8,112
443,Devonte' Graham,SAS,28,9,2,7,9.2,118.1,107.8,10.3,28.4,6.33,37.3,2.2,11.8,6.6,5.9,50.0,54.2,15.6,104.57,10.1,182
443,Dominick Barlow,SAS,20,19,2,17,12.8,111.3,117.7,-6.4,10.9,5.00,19.6,7.8,16.9,12.1,3.9,47.8,50.2,13.7,101.19,8.1,520
443,Dylan Windler,LAL,27,4,2,2,3.2,103.8,53.6,50.3,25.0,0.00,40.0,0.0,5.6,3.3,0.0,100,100,10.7,101.65,16.4,26
443,Eugene Omoruyi,WAS,26,19,2,17,5.8,109.2,97.6,11.6,18.0,1.22,12.9,9.6,14.4,12.0,10.6,62.7,66.2,27.3,106.64,16.9,240
443,Evan Fournier,NYK,31,3,2,1,12.9,96.3,111.3,-15.0,11.5,3.00,12.0,0.0,13.8,5.3,4.0,25.0,28.7,23.2,100.02,1.4,81
443,Filip Petrusev,SAC,23,3,2,1,3.1,110.0,80.0,30.0,0.0,0.00,0.0,0.0,8.3,5.6,0.0,50.0,52.1,15.0,103.11,2.6,20
443,GG Jackson,MEM,19,10,2,8,11.5,103.7,104.5,-0.8,5.0,0.50,4.7,7.1,12.9,9.9,9.4,57.6,60.7,21.4,102.09,10.0,244
443,Gabe Vincent,LAL,27,5,2,3,25.5,102.2,103.7,-1.5,17.2,7.50,30.0,1.5,2.3,1.9,4.0,40.6,41.1,11.5,100.97,3.6,269
443,Gui Santos,GSW,21,5,2,3,6.4,97.1,115.7,-18.7,10.5,1.00,11.8,9.5,21.9,14.9,11.8,45.0,59.3,18.5,103.72,11.3,68
443,JD Davison,BOS,21,2,2,0,2.8,84.6,71.4,13.2,0.0,0.00,0.0,16.7,11.1,13.3,0.0,0.0,53.2,13.3,115.71,13.5,13
443,Jalen Wilson,BKN,23,11,2,9,9.5,114.5,127.2,-12.6,11.3,3.00,18.4,11.2,9.5,10.5,6.1,53.1,63.5,14.1,100.55,10.6,220
443,James Johnson,IND,36,5,2,3,4.9,125.9,111.1,14.8,20.0,2.50,41.7,4.0,15.0,8.9,16.7,40.0,40.0,10.9,106.69,6.2,54
443,James Wiseman,DET,22,29,2,27,14.6,107.7,121.3,-13.6,6.5,0.72,10.5,9.2,18.0,13.6,14.5,67.5,67.9,14.8,105.48,9.1,926
443,Jared Butler,WAS,23,17,2,15,7.5,113.4,115.8,-2.4,37.8,3.10,32.3,0.0,8.4,4.2,10.4,66.0,68.9,21.2,103.72,13.8,276
443,Johnny Davis,WAS,21,19,2,17,7.9,108.4,106.5,1.9,4.4,1.00,8.3,5.5,7.5,6.5,8.3,44.8,46.8,14.7,107.15,4.8,334
443,Jordan Ford,SAC,25,6,2,4,3.6,128.9,100.0,28.9,11.8,2.00,18.2,0.0,10.0,5.1,9.1,71.4,76.1,18.4,97.91,11.9,45
443,Kevin Knox II,DET,24,24,2,22,19.3,109.5,120.3,-10.8,5.8,1.19,9.5,3.0,10.1,6.3,8.0,57.3,59.6,15.7,103.15,6.9,996
443,Kobe Bufkin,ATL,20,2,2,0,2.2,10.0,136.4,-126.4,0.0,0.00,0.0,16.7,100,28.6,0.0,0.0,12.9,33.3,114.11,-16.7,10
443,Lester Quinones,GSW,23,8,2,6,6.8,122.1,114.4,7.7,10.9,1.25,16.1,5.1,10.9,7.9,12.9,50.0,50.3,19.3,99.16,4.7,113
443,Mamadi Diakite,SAS,26,3,2,1,5.3,100.0,84.8,15.2,25.0,0.00,20.0,5.9,11.8,8.8,0.0,80.0,78.5,22.2,99.31,25.2,33
443,Marques Bolden,MIL,25,2,2,0,1.5,162.5,71.4,91.1,0.0,0.00,0.0,0.0,33.3,28.6,0.0,0.0,0.0,0.0,121.48,5.3,8
443,Marvin Bagley III,WAS,24,28,2,26,19.8,112.0,120.0,-8.0,8.4,0.91,9.9,10.7,15.7,13.1,10.9,58.3,62.0,21.2,101.92,11.0,1176
443,Moses Brown,POR,24,9,2,7,9.1,99.4,116.9,-17.5,4.0,0.50,6.9,18.4,35.4,26.0,13.8,42.9,39.5,13.0,99.28,9.0,168
443,Mouhamed Gueye,ATL,21,2,2,0,2.2,10.0,127.3,-117.3,0.0,0.00,0.0,0.0,0.0,0.0,0.0,0.0,0.0,8.3,114.98,-11.1,10
443,Nate Williams,HOU,24,6,2,4,6.0,110.1,96.3,13.8,10.7,3.00,13.6,7.1,0.0,3.5,4.5,50.0,54.9,20.0,106.18,9.5,79
443,Nathan Mensah,CHA,25,16,2,14,14.4,97.0,118.9,-21.9,4.3,0.54,14.6,8.8,14.9,11.5,27.1,40.9,49.5,7.6,99.03,0.8,473
443,Patrick Baldwin Jr.,WAS,21,13,2,11,7.9,111.5,98.2,13.3,7.7,1.20,13.3,4.5,18.9,12.0,11.1,56.7,59.6,15.1,105.85,8.2,226
443,Robert Williams III,POR,26,6,2,4,19.8,101.6,114.9,-13.3,6.5,0.71,12.2,8.0,22.7,14.8,17.1,65.4,68.4,12.2,101.25,11.3,252
443,Seth Lundy,ATL,23,8,2,6,6.1,105.7,117.1,-11.5,0.0,0.00,0.0,2.4,8.7,5.7,5.3,34.4,39.4,16.7,103.17,-0.7,106
443,Terquavion Smith,PHI,21,2,2,0,1.1,137.5,185.7,-48.2,0.0,0.00,0.0,0.0,0.0,0.0,0.0,150.0,150.0,22.2,169.94,26.1,8
443,Trevelin Queen,ORL,26,8,2,6,16.5,110.3,103.9,6.4,13.2,2.00,24.0,2.6,9.4,6.3,12.0,45.0,49.0,12.6,100.02,5.6,271
443,Usman Garuba,GSW,21,2,2,0,3.0,100.0,133.3,-33.3,33.3,0.00,50.0,0.0,0.0,0.0,0.0,0.0,0.0,5.3,126.94,0.0,17
443,Xavier Moon,LAC,29,2,2,0,5.8,76.9,137.5,-60.6,42.9,3.00,50.0,0.0,18.2,9.5,16.7,50.0,50.0,11.1,103.90,7.2,26
480,Alex Fudge,LAL,20,4,1,3,3.6,60.6,137.9,-77.3,0.0,0.00,0.0,13.3,0.0,6.9,12.5,16.7,29.1,21.1,102.86,-4.7,33
480,Bojan Bogdanovic,DET,34,21,1,20,33.6,110.9,124.8,-13.9,11.5,1.17,12.3,1.8,9.7,5.6,10.6,56.3,58.9,23.5,102.52,8.4,1507
480,D'Moi Hodge,LAL,25,7,1,6,5.9,86.4,130.6,-44.2,22.7,5.00,22.7,0.0,0.0,0.0,4.5,43.3,44.1,17.2,100.67,2.7,88
480,Danny Green,PHI,36,2,1,1,9.2,114.6,120.5,-5.9,5.6,0.00,33.3,0.0,11.1,5.6,0.0,0.0,0.0,4.3,104.07,1.2,41
480,Dariq Whitehead,BKN,19,2,1,1,12.0,110.9,153.7,-42.8,14.3,0.00,33.3,0.0,19.0,7.8,0.0,20.0,25.5,9.4,109.08,3.5,55
480,Dexter Dennis,DAL,24,4,1,3,7.5,89.0,100.0,-11.0,36.4,1.33,15.4,2.5,21.1,11.5,11.5,55.3,54.1,27.8,118.13,16.4,73
480,Drew Peterson,BOS,24,1,1,0,2.6,160.0,100.0,60.0,50.0,0.00,50.0,0.0,0.0,0.0,0.0,150.0,150.0,20.0,103.53,20.7,5
480,Hamidou Diallo,WAS,25,2,1,1,2.4,81.8,50.0,31.8,33.3,1.00,25.0,18.2,0.0,12.5,25.0,50.0,50.0,18.8,106.11,26.1,11
480,Isaiah Livers,WAS,25,23,1,22,20.4,106.1,125.4,-19.3,7.1,1.56,15.2,3.0,7.3,5.0,9.7,44.0,46.0,12.2,103.54,2.6,1011
480,Ish Wainright,POR,29,7,1,6,6.6,76.0,76.7,-0.7,0.0,0.00,0.0,0.0,17.6,8.0,5.0,50.0,53.0,17.1,108.27,14.8,104
480,Jake LaRavia,MEM,22,11,1,10,11.1,101.5,115.0,-13.5,8.5,1.50,10.9,5.0,7.2,6.0,7.3,43.0,44.7,16.0,102.66,2.0,262
480,Javon Freeman-Liberty,TOR,24,1,1,0,2.4,40.0,83.3,-43.3,0.0,0.00,0.0,25.0,0.0,20.0,0.0,33.3,33.3,50.0,112.34,7.7,5
480,Javonte Smart,PHI,24,1,1,0,0.7,0.0,150.0,-150.0,0.0,0.00,0.0,0.0,0.0,0.0,0.0,0.0,0.0,0.0,108.00,0.0,1
480,Jordan Walsh,BOS,19,1,1,0,3.1,37.5,50.0,-12.5,0.0,0.00,0.0,0.0,66.7,36.4,0.0,0.0,0.0,10.0,125.90,75.0,8
480,Joshua Primo,LAC,21,1,1,0,5.0,84.6,108.3,-23.7,0.0,0.00,0.0,0.0,0.0,0.0,60.0,50.0,50.0,38.5,120.40,-5.8,13
480,Jules Bernard,WAS,24,3,1,2,4.9,83.3,105.9,-22.5,10.0,1.00,10.0,3.8,0.0,2.3,10.0,12.5,12.5,18.8,114.16,-17.6,36
480,Justin Minaya,POR,24,11,1,10,8.4,101.1,98.9,2.1,6.7,2.00,15.4,4.7,6.2,5.4,7.7,44.1,45.8,9.8,96.86,4.0,186
480,Kendall Brown,IND,20,3,1,2,5.6,88.9,97.2,-8.3,11.1,0.00,11.1,10.0,0.0,6.5,0.0,40.0,52.4,17.8,102.86,1.8,36
480,Keyontae Johnson,OKC,23,2,1,1,11.6,106.3,85.1,21.1,11.8,1.00,20.0,4.3,6.9,5.8,20.0,33.3,33.3,14.8,97.92,1.5,48
480,Micah Potter,UTA,25,2,1,1,3.6,40.0,146.2,-106.2,0.0,0.00,0.0,0.0,66.7,25.0,0.0,0.0,0.0,6.3,92.48,10.0,15
480,Noah Clowney,BKN,19,2,1,1,13.3,103.4,150.9,-47.5,12.5,2.00,15.4,8.8,9.5,9.1,7.7,66.7,70.9,16.2,104.47,8.3,59
